CityID;CityName;StateProvinceID;Latitude;Longitude;LatestRecordedPopulation
1;Aaronsburg;39;40.8997903;-77.4533235;613
3;Abanda;1;33.100954;-85.5296753;192
4;Abbeville;42;34.1781719;-82.3790148;5237
5;Abbeville;11;31.9921223;-83.3068243;2908
6;Abbeville;1;31.5718352;-85.2504893;2688
7;Abbeville;19;29.9746502;-92.1342921;12257
8;Abbeville;25;34.5031591;-89.5031368;419
9;Abbotsford;52;44.946356;-90.315969;2310
10;Abbott;45;31.8848809;-97.0733361;356
11;Abbott;4;35.0734293;-94.1938205;356
12;Abbott;32;36.3055851;-104.2588701;NULL
13;Abbott;49;37.4292967;-80.1394911;356
14;Abbott;51;38.9217656;-80.3214735;NULL
15;Abbottsburg;34;34.517114;-78.7250179;NULL
16;Abbottstown;39;39.8864869;-76.9847013;1011
17;Abbyville;17;37.9708468;-98.2042299;87
18;Abell;45;35.3933811;-101.458781;NULL
19;Abercrombie;35;46.4477384;-96.7303557;263
20;Aberdeen;43;45.4646985;-98.4864829;26091
21;Aberdeen;21;39.5095556;-76.1641197;14959
22;Aberdeen;50;46.9753708;-123.8157218;16896
23;Aberdeen;13;42.9440784;-112.8383265;1994
24;Aberdeen;34;35.131547;-79.4294789;6350
25;Aberdeen;25;33.8251139;-88.5436553;5612
26;Aberdeen;36;38.6556296;-83.7610323;1638
27;Aberdeen;18;37.2539361;-86.6816547;NULL
28;Aberfoil;1;32.0704299;-85.6877257;NULL
29;Abernant;1;33.2903926;-87.198053;NULL
30;Abernathy;45;33.8323038;-101.8429491;2805
31;Abeytas;32;34.4675637;-106.8114154;56
32;Abie;28;41.3341756;-96.9489211;69
33;Abilene;45;32.4487364;-99.7331439;117063
34;Abilene;17;38.9172216;-97.2139094;6844
35;Abingdon;14;40.8044833;-90.4017954;3319
36;Abingdon;49;36.7098335;-81.9773482;8191
37;Abingdon;16;41.0822387;-92.1390672;NULL
38;Abingdon;21;39.4623305;-76.2791236;NULL
39;Abington;39;40.1206656;-75.1179512;NULL
40;Abington;22;42.1048228;-70.9453218;15985
41;Abiquiu;32;36.207241;-106.3186397;231
42;Abita Springs;19;30.4785257;-90.0375755;2365
43;Abo;32;34.4558977;-106.3330712;NULL
44;Aboite;15;41.0008805;-85.3180293;NULL
45;Abraham;46;39.3966197;-112.7180077;NULL
46;Abram;45;26.1997957;-98.4111287;2067
47;Abrams;52;44.7791593;-88.0598261;340
48;Absarokee;27;45.5204982;-109.4429444;1150
49;Absecon;31;39.4284503;-74.4957076;8411
50;Academy;43;43.4563876;-99.0798134;NULL
51;Acampo;5;38.1746398;-121.2785588;341
52;Accident;21;39.628696;-79.319759;325
53;Accokeek;21;38.6676168;-77.0283092;10573
54;Accomac;49;37.7195742;-75.6654845;519
55;Accord;33;41.7856489;-74.2290366;562
56;Accord;22;42.1745451;-70.8836552;NULL
57;Ace;45;30.5363152;-94.8243744;NULL
58;Aceitunas;40;18.4432783;-67.0649026;1436
59;Acequia;13;42.6679642;-113.5969537;124
60;Achille;37;33.8373817006;-96.4109935885;492
61;Achilles;49;37.2801422;-76.4402257;NULL
62;Ackerly;45;32.5264993;-101.71597;220
63;Ackerman;25;33.3101243;-89.1728434;1510
64;Ackley;16;42.5541451;-93.0532553;1589
65;Ackworth;16;41.3669373;-93.4727131;83
66;Acme;50;48.7170574;-122.2051584;246
67;Acme;45;34.3167412;-99.8239861;NULL
68;Acme;53;44.9105275;-106.9850706;NULL
69;Acme;19;31.2857351;-91.8204007;NULL
70;Acme;32;33.5923153;-104.3285785;NULL
71;Acoma;29;37.5483023;-114.1724807;NULL
72;Acomita;32;35.0553199;-107.5717171;NULL
73;Acorn;49;38.0192976;-76.6491233;NULL
74;Acra;33;42.3109186;-74.0554126;NULL
75;Acree;11;31.5554539;-83.9960153;NULL
76;Acton;20;43.5342468;-70.9097847;NULL
77;Acton;27;45.9305083;-108.6806978;NULL
78;Acton;22;42.4850931;-71.43284;NULL
79;Acton;5;34.469994;-118.1967418;7596
80;Acushnet;22;41.6806593;-70.907816;3073
81;Acworth;30;43.2178539;-72.2920317;NULL
82;Acworth;11;34.0659329;-84.6768796;20425
83;Acy;19;30.2188079;-90.8203734;NULL
84;Ada;19;32.5459856;-93.1404423;NULL
85;Ada;52;43.8769382;-87.8956469;NULL
86;Ada;17;39.1513917;-97.8892088;100
87;Ada;36;40.7694969;-83.8227149;5952
88;Ada;37;34.7784784006;-96.7021280885;16810
89;Ada;24;47.299689;-96.5153463;1707
90;Adair;16;41.5003898;-94.6434132;781
91;Adair;14;40.4189309;-90.4967942;210
92;Adair;37;36.4407049006;-95.2951414885;790
93;Adair Village;38;44.6706763;-123.2178759;840
94;Adairsville;11;34.3687021;-84.9341093;4648
95;Adairville;18;36.6675425;-86.8519417;852
96;Adak;2;51.88;-176.6580556;326
97;Adams;37;36.7603623006;-101.100889188;NULL
98;Adams;15;39.3825496;-85.559973;NULL
99;Adams;18;38.0545335;-82.7076584;NULL
100;Adams;25;32.1598736;-90.5606536;NULL
101;Adams;44;36.5822667;-87.0655564;633
102;Adams;28;40.4594441;-96.5100171;573
103;Adams;38;45.767354;-118.5624734;350
104;Adams;24;43.5652435;-92.7193503;787
105;Adams;33;43.8092321;-76.0240892;1775
106;Adams;22;42.6242495;-73.117603;5515
107;Adams;35;48.4213852;-98.0789893;127
108;Adams;52;43.956082;-89.8181818;1967
109;Adams Center;33;43.8600635;-76.0054785;1568
110;Adams City;6;39.8266528;-104.9288672;NULL
111;Adamsburg;39;40.3117361;-79.6561538;172
112;Adamstown;39;40.2412035;-76.0563303;1789
113;Adamstown;21;39.3109356;-77.4747088;2372
114;Adamsville;46;38.2583031;-112.7938352;NULL
115;Adamsville;45;31.3012767;-98.1689206;NULL
116;Adamsville;39;41.5111646;-80.3697888;67
117;Adamsville;44;35.2359146;-88.3905965;2207
118;Adamsville;36;40.0697925;-81.8823542;114
119;Adamsville;1;33.6009389;-86.9561059;4522
120;Adario;36;40.9345;-82.4501677;NULL
121;Addicks;45;29.7824508;-95.6424457;NULL
122;Addie;34;35.4059341;-83.1598661;NULL
123;Addieville;14;38.391439;-89.4900881;252
124;Addington;37;34.2484825006;-97.9907627885;114
125;Addis;19;30.3538043;-91.2653865;3593
126;Addison;1;34.2023243;-87.1814012;758
127;Addison;23;41.9864341;-84.3471684;605
128;Addison;14;41.931696;-87.9889556;36942
129;Addison;33;42.1028514;-77.2335879;1763
130;Addison;39;39.7473003;-79.3392013;207
131;Addison;51;38.4781934;-80.4082166;776
132;Addison;45;32.96179;-96.8291685;13056
133;Addison;20;44.6184102;-67.7441645;605
134;Addison;36;38.886191;-82.1462561;NULL
135;Addison;47;44.0886671;-73.302622;NULL
136;Addison;52;43.4227761;-88.3745423;NULL
137;Addy;50;48.3560098;-117.8374738;268
138;Addyston;36;39.1367249;-84.709114;938
139;Adel;11;31.1371358;-83.4234936;5334
140;Adel;16;41.6144325;-94.017453;3682
141;Adel;38;42.177388;-119.8985576;NULL
142;Adel;27;47.0277236;-111.6238645;NULL
143;Adelaide;50;47.3309328;-122.3604012;NULL
144;Adelanto;5;34.5827699;-117.409215;31765
145;Adeline;14;42.1433589;-89.4903897;85
146;Adelino;32;34.7158909;-106.7311374;823
147;Adell;52;43.6191633;-87.9520364;516
148;Adelphi;21;39.0031656;-76.97192;15086
149;Adelphi;36;39.4667304;-82.7471145;380
150;Adelphia;31;40.2181677;-74.2562566;NULL
151;Aden;32;32.1528722;-107.1275128;NULL
152;Adena;36;40.2186805;-80.8728672;759
153;Adgateville;11;33.2231838;-83.671006;NULL
154;Adin;5;41.19378;-120.945245;272
155;Adjuntas;40;18.1627363;-66.7221187;4406
156;Admire;17;38.6411197;-96.1030491;156
157;Adna;50;46.6289921;-123.0612431;NULL
158;Adolphus;18;36.6517098;-86.2613779;NULL
159;Adona;4;35.0381433;-92.8979475;209
160;Adrian;11;32.5307224;-82.5892995;664
161;Adrian;45;35.2747775;-102.6652114;166
162;Adrian;38;43.7407155;-117.0718261;177
163;Adrian;26;38.397518;-94.3516159;1677
164;Adrian;24;43.6349663;-95.932797;1257
165;Adrian;23;41.8975471;-84.0371659;21133
166;Advance;26;37.1044958;-89.9106494;1347
167;Advance;15;39.9958763;-86.620004;477
168;Advance;34;35.9412482;-80.4092217;1138
169;Advance;23;45.221397;-85.0775567;328
170;Adwolf;49;36.7892824;-81.5820609;1530
171;Ady;21;39.638717;-76.3327369;NULL
172;Ady;45;35.4856041;-102.1324141;NULL
173;Aeneas;50;48.5473813;-118.9786447;NULL
174;Aetna;17;37.0839169;-98.9628777;NULL
175;Affton;26;38.5506084;-90.3331719;20307
176;Afton;24;44.9027452;-92.7835373;2886
177;Afton;16;41.0274907;-94.1980083;845
178;Afton;33;42.228136;-75.5265715;822
179;Afton;32;32.0728753;-106.9441731;NULL
180;Afton;5;35.0363724;-116.3797442;NULL
181;Afton;37;36.6976344006;-94.9868001885;1049
182;Afton;53;42.7249282;-110.9318687;1911
183;Agar;43;44.8383153;-100.0745668;76
184;Agate;6;39.461651;-103.9421807;NULL
185;Agate Beach;38;44.6773386;-124.0617836;NULL
186;Agawam;27;47.9999571;-112.1675232;NULL
187;Agawam;22;42.0695391;-72.6148117;28438
188;Agawam;37;34.8773502006;-97.9699353885;NULL
189;Agency;16;40.9950162;-92.3068492;638
190;Agency;26;39.644718;-94.7399611;684
191;Agency Village;43;45.5808427;-97.0831191;181
192;Agenda;17;39.7077797;-97.4317035;68
193;Agnes;45;32.9792888;-97.7886421;NULL
194;Agness;38;42.5564976;-124.0689776;NULL
195;Agnew;28;41.0169486;-96.8147413;NULL
196;Agnos;4;36.2772888;-91.6915332;NULL
197;Agoura;5;34.1430611;-118.7378669;NULL
198;Agoura Hills;5;34.1363945;-118.7745348;20330
199;Agra;17;39.7616776;-99.1192544;267
200;Agra;37;35.8987316006;-96.8960317885;339
201;Agricola;25;30.807689;-88.5200194;NULL
202;Agricola;17;38.4194601;-95.5349823;NULL
203;Agua Dulce;45;27.781692;-97.9086105;812
204;Agua Dulce;5;34.4963817;-118.3256348;3342
205;Agua Fria;32;35.6544755;-106.0222447;2800
206;Agua Nueva;45;26.9017168;-98.6002976;NULL
207;Aguada;40;18.3793913;-67.1882365;3212
208;Aguadilla;40;18.4274454;-67.1540698;13310
209;Aguanga;5;33.4428094;-116.8650235;1128
210;Aguas Buenas;40;18.2568989;-66.1029442;4204
211;Aguas Claras;40;18.252734;-65.6534952;3006
212;Agudo;32;34.4053469;-104.3035865;NULL
213;Aguila;3;33.9428069;-113.1740805;798
214;Aguilar;6;37.4027931;-104.6533188;538
215;Aguilares;45;27.4486359;-99.0872507;21
216;Aguilita;40;18.0232976;-66.5346166;4747
217;Ahloso;37;34.7390353006;-96.6612926885;NULL
218;Ahmeek;23;47.2988116;-88.3965014;146
219;Ahoskie;34;36.2868223;-76.9846808;5039
220;Ahtanum;50;46.5595702;-120.6220123;3601
221;Ahwahnee;5;37.3654982;-119.7262667;2246
222;Aibonito;40;18.1399594;-66.2660016;8249
223;Aid;36;38.5961913;-82.4932125;NULL
224;'Aiea;12;21.3864663;-157.9231834;9338
225;Aiken;45;34.1422953;-101.5257226;NULL
226;Aiken;42;33.5604168;-81.7195533;29524
227;Ailey;11;32.1874042;-82.5656886;432
228;Ainsworth;16;41.2889098;-91.5523838;567
229;Ainsworth;28;42.5499993;-99.8626236;1728
230;Ainsworth;15;41.4878149;-87.2586458;NULL
231;Airmont;33;41.1009293;-74.1162544;8628
232;Airport Drive;26;37.1425588;-94.5107824;698
233;Airport Road Addition;45;27.2200435;-98.0994483;93
234;Airway Heights;50;47.644611;-117.5932728;6114
235;Aitkin;24;46.533013;-93.7102493;2165
236;Ajo;3;32.3717249;-112.8607099;3304
237;Ak Chin;3;32.2875683;-112.0090238;30
238;Akaska;43;45.3324891;-100.1206808;42
239;Ak-Chin Village;3;33.0283838;-112.0876431;862
240;Akeley;24;47.004125;-94.7269509;432
241;Akers;26;37.3761567;-91.5537547;NULL
242;Akhiok;2;56.9455556;-154.1702778;71
243;Akiachak;2;60.9094444;-161.4313889;627
244;Akiak;2;60.9122222;-161.2138889;346
245;Akin;14;37.9881043;-88.7475606;NULL
246;Akins;37;35.5109831006;-94.7145595885;493
247;Akra;35;48.775272;-97.7270364;NULL
248;Akron;17;37.3516904;-97.0150368;402
249;Akron;6;40.1605373;-103.2143843;1702
250;Akron;1;32.8765165;-87.7425105;356
251;Akron;15;41.0383766;-86.0280502;1167
252;Akron;23;43.5680759;-83.5141259;402
253;Akron;16;42.8288818;-96.5594773;1486
254;Akron;36;41.0814447;-81.5190053;199110
255;Akron;33;43.0208924;-78.4953015;2868
256;Akron;39;40.1567616;-76.2021742;3876
257;Akutan;2;54.1355556;-165.7730556;1027
258;Alabam;4;36.1525747;-93.6813021;NULL
259;Alabama;33;43.0964478;-78.3908559;NULL
260;Alabaster;23;44.1864058;-83.558032;NULL
261;Alabaster;1;33.2442813;-86.8163773;30352
262;Alachua;10;29.7972491722;-82.4948815797;9059
263;Aladdin;39;40.6917318;-79.6567143;NULL
264;Aladdin;53;44.6399866;-104.183551;NULL
265;Alakanuk;2;62.6888889;-164.6152778;677
266;Alamance;34;36.0351361;-79.4858549;951
267;Alameda;5;37.7652065;-122.2416355;73812
268;Alameda;32;35.1867101;-106.6180813;NULL
269;Alamillo;32;34.2547889;-106.9161402;102
270;Alamo;29;37.3649613;-115.1644614;1080
271;Alamo;45;26.1836854;-98.1230638;18353
272;Alamo;32;34.4208918;-107.5108753;1085
273;Alamo;5;37.8502033;-122.032184;14570
274;Alamo;11;32.1471202;-82.7779171;2797
275;Alamo;44;35.7847949;-89.1172883;2461
276;Alamo;15;39.9819877;-87.0572313;66
277;Alamo;35;48.5816949;-103.4699122;57
278;Alamo Alto;45;31.4051216;-106.023861;NULL
279;Alamo Heights;45;29.4849531;-98.4658502;7031
280;Alamo Oaks;5;37.8393701;-121.993016;NULL
281;Alamogordo;32;32.8995325;-105.960265;30403
282;Alamosa;6;37.4694491;-105.8700215;8780
283;Alamota;17;38.4611276;-100.3101357;NULL
284;Alanreed;45;35.2125494;-100.7343059;NULL
285;Alanson;23;45.4441778;-84.7867115;738
286;Alapaha;11;31.3851954;-83.2229323;668
287;Alarka;34;35.3531511;-83.4454355;NULL
288;Alatna;2;66.5572222;-152.7072222;37
289;Alba;23;44.97473;-84.9686585;295
290;Alba;45;32.7929034;-95.6344037;504
291;Alba;39;41.7050749;-76.8282913;157
292;Alba;26;37.2383894;-94.4174489;555
293;Alban;52;44.6277513;-89.2848362;NULL
294;Albany;5;37.885802227;-122.305978754;18539
295;Albany;30;43.9578493;-71.1675703;NULL
296;Albany;37;33.8854352006;-96.1865437885;143
297;Albany;24;45.6299647;-94.5700048;2561
298;Albany;26;40.2486069;-94.331068;1730
299;Albany;33;42.6525793;-73.7562317;97856
300;Albany;52;42.7077846;-89.4370629;1018
301;Albany;47;44.7308826;-72.3798297;193
302;Albany;38;44.6365107;-123.1059282;50158
303;Albany;45;32.723452;-99.2973005;2034
304;Albany;53;41.1841402;-106.1319565;55
305;Albany;19;30.5043578;-90.5823138;1088
306;Albany;36;39.2275735;-82.2023695;828
307;Albany;15;40.3008764;-85.2419145;2165
308;Albany;14;41.7894748;-90.2192941;891
309;Albany;11;31.5785074;-84.155741;77434
310;Albany;18;36.6908992;-85.1346776;2033
311;Albee;43;45.0521869;-96.5533899;16
312;Albemarle;34;35.3501426;-80.2000578;15903
313;Alberene;49;37.8865304;-78.6164036;NULL
314;Alberhill;5;33.7272418;-117.3997644;NULL
315;Albers;14;38.5433823;-89.6123129;1190
316;Albert;17;38.4527906;-99.0114836;175
317;Albert;37;35.2367829006;-98.4352294885;NULL
318;Albert;45;30.1938154;-98.6016958;NULL
319;Albert City;16;42.7819199;-94.9485993;699
320;Albert Lea;24;43.6480127;-93.3682656;18016
321;Alberta;24;45.573295;-96.0475549;103
322;Alberta;49;36.8657034;-77.8863857;298
323;Alberta;1;32.232086;-87.4099974;NULL
324;Alberton;27;47.0015869;-114.4734549;420
325;Albertson;33;40.7734341;-73.6431844;5182
326;Albertville;24;45.237742;-93.6544085;7044
327;Albertville;1;34.2675937;-86.2088669;21160
328;Albertville;52;44.9599608;-91.6004433;NULL
329;Albia;16;41.0266746;-92.8057514;3766
330;Albin;25;33.9134472;-90.3298123;NULL
331;Albin;53;41.4177559;-104.0982866;181
332;Albion;50;46.7909974;-117.2504529;579
333;Albion;37;34.6668259006;-95.1237443885;106
334;Albion;20;44.5322902;-69.4425424;NULL
335;Albion;5;39.2235117;-123.7686251;168
336;Albion;31;39.7787261;-74.9548875;NULL
337;Albion;27;45.1872104;-104.2768917;NULL
338;Albion;52;42.8794488;-89.0698346;NULL
339;Albion;45;33.8589967;-95.0307803;NULL
340;Albion;28;41.6908444;-98.0036724;1650
341;Albion;16;42.1124866;-92.9885339;505
342;Albion;14;38.3775484;-88.0561465;1988
343;Albion;39;41.8906112;-80.3664542;1516
344;Albion;33;43.2464477;-78.193632;6056
345;Albion;23;42.243097;-84.7530304;8616
346;Albion;15;41.3956043;-85.4244241;2349
347;Albion;13;42.4126885;-113.578063;267
348;Alborn;24;46.972996;-92.5760257;NULL
349;Albright;51;39.4939772;-79.6428302;299
350;Albrightsville;39;41.0145319;-75.6010222;202
351;Albuquerque;32;35.0844909;-106.6511367;545852
352;Alburg;47;44.9750399;-73.3001312;497
353;Alburnett;16;42.1483285;-91.6185065;673
354;Alburtis;39;40.5109298;-75.6029654;2361
355;Alcalde;32;36.0889116;-106.053634;285
356;Alcan;2;62.7230556;-141.1880556;NULL
357;Alcester;43;43.0213783;-96.6308708;807
358;Alco;4;35.8875749;-92.3671022;NULL
359;Alcoa;44;35.7895271;-83.9737935;8449
360;Alcoa Center;39;40.5384;-79.6450454;NULL
361;Alcolu;42;33.7509954;-80.2142456;429
362;Alcoma;10;27.8950239;-81.4822964;NULL
363;Alcova;53;42.5521842;-106.7164296;76
364;Alda;28;40.8711238;-98.4681219;642
365;Aldan;39;39.9215014;-75.2879632;4152
366;Alden;33;42.9000596;-78.4919671;2605
367;Alden;17;38.2422335;-98.3120105;148
368;Alden;24;43.6702334;-93.5760513;661
369;Alden;16;42.5202571;-93.3760389;787
370;Alden;23;44.8811151;-85.2756185;125
371;Alden;37;34.9792867006;-98.6091221885;NULL
372;Alden Bridge;19;32.7751427;-93.720178;NULL
373;Alder;50;46.8003829;-122.2901126;227
374;Alder;27;45.3238132;-112.1072095;103
375;Alder Creek;33;43.4234022;-75.2279451;NULL
376;Alderdale;50;45.8348539;-119.9208683;NULL
377;Alderley;52;43.217504;-88.4498205;NULL
378;Alderpoint;5;40.1762567;-123.6116952;186
379;Alderson;37;34.9040447006;-95.7157147885;304
380;Alderson;51;37.725954;-80.6420237;1184
381;Alderwood Manor;50;47.8220414;-122.2820746;8442
382;Aldine;45;29.932445;-95.3802149;15869
383;Aldora;11;33.0520707;-84.1757503;103
384;Aldrich;26;37.5475408;-93.5546465;80
385;Aldrich;24;46.3763513;-94.9366889;48
386;Aledo;14;41.1997568;-90.7493063;3640
387;Aledo;45;32.6959643;-97.6022471;2716
388;Aleknagik;2;59.2730556;-158.6177778;219
389;Alex;37;34.9187395006;-97.8024323885;550
390;Alexander;20;45.0886862;-67.4683278;NULL
391;Alexander;11;33.0220988;-81.8767822;NULL
392;Alexander;51;38.7828816;-80.2225791;NULL
393;Alexander;45;32.0590335;-98.2061509;NULL
394;Alexander;4;34.6295373;-92.4412674;2901
395;Alexander;17;38.4694588;-99.5531697;65
396;Alexander;16;42.8058039;-93.4765943;175
397;Alexander;33;42.9011711;-78.2566834;509
398;Alexander;35;47.8430756;-103.642698;223
399;Alexander City;1;32.944012;-85.9538532;14875
400;Alexander Mills;34;35.3106771;-81.858714;NULL
401;Alexandria;30;43.6159066;-71.8284142;NULL
402;Alexandria;1;33.7739892;-85.885523;3917
403;Alexandria;19;31.3112936;-92.4451371;47723
404;Alexandria;18;38.9595078;-84.3879946;8477
405;Alexandria;28;40.2452794;-97.3892076;177
406;Alexandria;36;40.0889524;-82.6123872;517
407;Alexandria;44;36.0775587;-86.0333222;966
408;Alexandria;39;40.5564586;-78.0977847;346
409;Alexandria;43;43.653592;-97.7828482;615
410;Alexandria;49;38.8048356;-77.0469214;139966
411;Alexandria;24;45.8852397;-95.3775379;11070
412;Alexandria;15;40.2628184;-85.675809;5145
413;Alexandria;26;40.3594887;-91.455432;159
414;Alexandria Bay;33;44.3358836;-75.9177309;1078
415;Alexis;14;41.0633703;-90.5559675;831
416;Alfalfa;38;44.0773433;-121.0169654;NULL
417;Alfalfa;37;35.2228930006;-98.6310686885;NULL
418;Alfarata;39;40.6625726;-77.4569371;149
419;Alford;22;42.2356442;-73.4134456;NULL
420;Alford;10;30.6938049;-85.3921505;489
421;Alfordsville;15;38.5606067;-86.9483354;101
422;Alfred;33;42.2542366;-77.7905509;4174
423;Alfred;20;43.476471;-70.7183902;NULL
424;Alfred;45;27.8805767;-97.9847231;91
425;Alfred;35;46.6030326;-98.9992751;NULL
426;Alger;36;40.7061631;-83.8438267;860
427;Alger;50;48.6198313;-122.3412734;403
428;Algerita;45;31.2279446;-98.8531003;NULL
429;Algoa;45;29.4024576;-95.169376;NULL
430;Algodones;32;35.3805931;-106.4791925;814
431;Algoma;25;34.1762179;-89.0311739;590
432;Algoma;52;44.6088884;-87.4325891;3167
433;Algoma;13;48.1968621;-116.5721375;NULL
434;Algona;16;43.0699663;-94.233019;5560
435;Algona;50;47.2789896;-122.2520647;3014
436;Algonac;23;42.6183675;-82.531018;4110
437;Algonquin;14;42.1655801;-88.2942493;30046
438;Algood;44;36.1958946;-85.4485849;3495
439;Alhambra;5;34.095287;-118.1270146;83089
440;Alhambra;14;38.88838;-89.7314813;681
441;Ali Chuk;3;31.8150745;-112.5568109;161
442;Ali Chukson;3;31.9136888;-111.7992876;132
443;Ali Molina;3;31.9000783;-111.7742868;71
444;Alianza;40;18.4516123;-66.85351;2569
445;Alice;45;27.7522487;-98.0697249;19104
446;Alice;35;46.7619199;-97.5559299;40
447;Aliceville;1;33.1295681;-88.1514166;2486
448;Aliceville;17;38.1544693;-95.5519282;NULL
449;Alicia;4;35.8931295;-91.0829015;124
450;Aline;37;36.5137026006;-98.4727489885;207
451;Aliquippa;39;40.6367335;-80.2400606;9438
452;Alire;32;36.4764052;-106.580868;NULL
453;Aliso Viejo;5;33.565038;-117.727116;47823
454;Alix;4;35.4248078;-93.7304719;NULL
455;Alkabo;35;48.8628073;-103.8902069;NULL
456;Allagash;20;47.0839241;-69.1008736;NULL
457;Allakaket;2;66.5655556;-152.6455556;105
458;Allamuchy;31;40.921765;-74.8101665;78
459;Allandale;10;29.1216502;-80.9764436;NULL
460;Allardt;44;36.3809044;-84.8843918;634
461;Alleene;4;33.7701178;-94.2604778;NULL
462;Allegan;23;42.5291989;-85.8553031;4998
463;Allegany;33;42.0900647;-78.4941887;1816
464;Allegany;38;43.4259469;-124.0323266;NULL
465;Alleghany;49;37.7473446;-80.2403456;NULL
466;Alleghany;5;39.4696185;-120.843279;58
467;Allegre;18;36.9286542;-87.2172226;NULL
468;Alleman;16;41.8199875;-93.611607;432
469;Allen;17;38.6561191;-96.1697173;177
470;Allen;43;43.2808283;-101.9243185;420
471;Allen;18;37.6118873;-82.7291758;193
472;Allen;28;42.4163878;-96.8453182;377
473;Allen;23;41.9569915;-84.7677394;191
474;Allen;45;33.1031744;-96.6705503;84246
475;Allen;19;31.8354411;-93.2885038;NULL
476;Allen;37;34.8829240006;-96.4362905885;932
477;Allen;21;38.2873423;-75.6879825;210
478;Allen Park;23;42.2575385;-83.2110375;28210
479;Allendale;23;42.9722455;-85.9536535;17579
480;Allendale;31;41.0414858;-74.129032;6505
481;Allendale;42;33.0079345;-81.3084405;3482
482;Allendale;26;40.4855492;-94.2885672;53
483;Allendale;14;38.5267143;-87.7097495;475
484;Allendale;5;38.4446306;-121.943022;1506
485;Allendale;53;42.8146871;-106.3105807;NULL
486;Allenfarm;45;30.3993738;-96.2438496;NULL
487;Allenhurst;11;31.7841014;-81.6076117;695
488;Allenhurst;31;40.2362237;-74.0006926;496
489;Allenport;39;40.0981287;-79.8489347;537
491;Allenspark;6;40.1944294;-105.5255549;528
492;Allensville;18;36.7167081;-87.0661104;157
493;Allensville;39;40.5359062;-77.8169407;503
494;Allensville;36;39.2725686;-82.6068295;NULL
495;Allensworth;5;35.8635651;-119.3890044;471
496;Allenton;52;43.4205543;-88.3409305;823
497;Allentown;10;30.7626889;-87.0421883;894
498;Allentown;50;47.4942659;-122.2762343;NULL
499;Allentown;11;32.5932119;-83.2257127;169
500;Allentown;31;40.1778887;-74.5834887;1828
501;Allentown;39;40.6084305;-75.4901833;118032
502;Allenville;14;39.5555892;-88.5297779;148
503;Allenville;26;37.2217192;-89.7575929;116
504;Allenville;52;44.133039;-88.6189998;NULL
505;Allenwood;39;41.1075825;-76.8982974;321
506;Allenwood;31;40.1415033;-74.0998616;925
507;Allerton;16;40.7063954;-93.3652135;501
508;Allerton;14;39.9161024;-87.9352579;291
509;Alleyton;45;29.7066234;-96.4863586;NULL
510;Allgood;1;33.9120429;-86.5094315;622
511;Alliance;34;35.1448881;-76.8021556;776
512;Alliance;28;42.1016344;-102.872145;8491
513;Alliance;36;40.9153362;-81.1059309;22322
514;Alliance;10;30.6099162;-85.1135339;NULL
515;Alligator;25;34.0895533;-90.7195453;208
516;Allison;16;42.7527548;-92.7951945;1029
517;Allison;6;37.0244493;-107.4881059;NULL
518;Allison;39;39.9889639;-79.8647684;625
519;Allison;45;35.6058803;-100.1006736;NULL
520;Allison;32;35.5241893;-108.7850853;NULL
521;Allison Gap;49;36.8942807;-81.7767859;NULL
522;Allison Park;39;40.5595124;-79.9586651;21552
523;Allisonia;49;36.9392893;-80.7361807;117
524;Allons;44;36.4420071;-85.3446879;NULL
525;Allouez;52;44.4774923;-88.0162144;13975
526;Alloway;31;39.560947;-75.3624151;1402
527;Allport;4;34.5420393;-91.7840227;115
528;Allport;39;40.9670014;-78.2014014;264
529;Allyn;50;47.3856501;-122.8276415;1963
530;Alma;45;32.2854238;-96.5460985;331
531;Alma;6;39.2838783;-106.0627967;270
532;Alma;33;42.0125667;-78.0577834;NULL
533;Alma;14;38.7217147;-88.9092242;320
534;Alma;11;31.5393701;-82.4623557;3466
535;Alma;4;35.4778653;-94.2218752;5419
536;Alma;26;39.0952954;-93.5452125;402
537;Alma;17;39.0166657;-96.2891624;832
538;Alma;52;44.3199654;-91.9148839;781
539;Alma;28;40.0975108;-99.3620427;1133
540;Alma;23;43.3789199;-84.6597274;9383
541;Alma Center;52;44.4371839;-90.911258;503
542;Almanor;5;40.2173857;-121.1741296;0
543;Almedia;39;41.0145307;-76.381053;1078
544;Almelund;24;45.49135;-92.7854919;NULL
545;Almena;52;45.4169018;-92.0329578;677
546;Almena;17;39.8922294;-99.707058;408
547;Almeria;28;41.8258371;-99.5220576;NULL
548;Almira;50;47.7109823;-118.9408459;284
549;Almo;13;42.1001924;-113.6336192;NULL
550;Almo;18;36.6947773;-88.2783694;NULL
551;Almon;52;44.8941392;-89.0356652;NULL
552;Almon;11;33.6192798;-83.92213;NULL
553;Almond;4;35.6959109;-91.7984762;NULL
554;Almond;34;35.3698153;-83.565164;NULL
555;Almond;52;44.2588628;-89.4070628;448
556;Almond;33;42.3222916;-77.738327;466
557;Almont;35;46.7252795;-101.5026443;122
558;Almont;23;42.9205842;-83.0449348;2674
559;Almont;6;38.6647149;-106.8461506;NULL
560;Almonte;5;37.8899262;-122.5249749;NULL
561;Almota;50;46.7029373;-117.4693525;NULL
562;Almy;53;41.3316124;-111.0046287;NULL
563;Almyra;4;34.4062094;-91.4095682;283
564;Alna;20;44.1061869;-69.6036567;NULL
565;Alnwick;44;35.7481373;-84.0376846;NULL
566;Aloe;45;28.7666576;-97.0760994;NULL
567;Aloha;19;31.5832265;-92.7723743;NULL
568;Aloha;38;45.4942838;-122.8670454;49425
569;Alorton;14;38.589773;-90.1201087;2002
570;Alpaugh;5;35.8877316;-119.4873422;1026
571;Alpena;4;36.2947919;-93.2921262;392
572;Alpena;43;44.1813767;-98.365646;286
573;Alpena;23;45.0616794;-83.4327528;10483
574;Alpha;31;40.6670439;-75.1573972;2369
575;Alpha;24;43.6388459;-94.8708195;116
576;Alpha;23;46.0438421;-88.3770789;145
577;Alpha;14;41.1917031;-90.3801274;671
578;Alpha;36;39.7117263;-84.0232671;NULL
579;Alpharetta;11;34.0753762;-84.2940899;57551
580;Alpine;5;32.8350521;-116.7664109;14236
581;Alpine;46;40.4532834;-111.7779865;9555
582;Alpine;31;40.9559316;-73.9312478;1849
583;Alpine;44;36.3947865;-85.2169065;NULL
584;Alpine;15;39.5539375;-85.1757968;NULL
585;Alpine;33;42.3131298;-76.7241178;NULL
586;Alpine;4;34.2289863;-93.3790695;1849
587;Alpine;6;37.6891702;-106.58893;174
588;Alpine;53;43.163531;-111.018017;828
589;Alpine;45;30.3584919;-103.6610115;5905
590;Alpine;3;33.8481076;-109.1431325;145
591;Alpine;38;44.3301223;-123.3603767;171
592;Alquina;15;39.6128262;-85.0546845;NULL
593;Alsace Manor;39;40.3998156;-75.8604799;478
594;Alsatia;19;32.6129138;-91.1823318;NULL
595;Alsea;38;44.3815098;-123.5964942;164
596;Alsen;19;30.5712989;-91.204275;NULL
597;Alsen;35;48.6305626;-98.7048488;35
598;Alsey;14;39.5606027;-90.4340126;227
599;Alsip;14;41.6689223;-87.7386619;19277
600;Alstead;30;43.1489663;-72.3606431;NULL
601;Alston;11;32.080743;-82.4776303;159
602;Alstown;50;47.5609642;-119.9950603;NULL
603;Alsuma;37;36.0990443006;-95.8873839885;NULL
604;Alta;46;40.5888394;-111.6379793;383
605;Alta;5;39.2065652;-120.8113268;610
606;Alta;53;43.7538103;-111.0368866;394
607;Alta;16;42.6718103596;-95.297361162;1883
608;Alta Loma;5;34.1222317;-117.5981086;NULL
609;Alta Sierra;5;39.1415618;-121.0538368;6911
610;Alta Vista;16;43.1985819;-92.4171216;266
611;Alta Vista;17;38.8638916;-96.4891678;444
612;Altadena;5;34.1897275;-118.1311819;42777
613;Altair;45;29.5713505;-96.4541355;NULL
614;Altamahaw;34;36.1843016;-79.5072461;347
615;Altamont;26;39.8886155;-94.0891132;204
616;Altamont;38;42.2068123;-121.737224;19257
617;Altamont;44;35.4295186;-85.7230316;1045
618;Altamont;14;39.061988;-88.7481108;2319
619;Altamont;17;37.1903448;-95.2971928;1080
620;Altamont;43;44.8396869;-96.6895039;34
621;Altamont;33;42.7006324;-74.0337382;1720
622;Altamont;53;41.1921696;-110.7896187;NULL
623;Altamont;46;40.359398;-110.2862683;225
624;Altamonte Springs;10;28.6611089;-81.3656243;41496
625;Altaville;5;38.0838106;-120.5618692;NULL
626;Altavista;49;37.1118094;-79.285579;3450
627;Altenburg;26;37.6308839;-89.5853764;352
628;Altha;10;30.5704721;-85.1271442;536
629;Altheimer;4;34.3192636;-91.8473565;984
630;Altmar;33;43.5100703;-76.002142;407
631;Alto;11;34.4673222;-83.5737843;1172
632;Alto;52;43.6766529;-88.7951092;NULL
633;Alto;19;32.3576468;-91.8598506;NULL
634;Alto;32;33.3986919;-105.6808185;NULL
635;Alto;45;31.6504546;-95.0727175;1225
636;Alto;23;42.8566988;-85.3802937;NULL
637;Alto Pass;14;37.5703276;-89.3175879;391
638;Alton;15;38.122564;-86.4177559;55
639;Alton;26;36.6942252;-91.3993039;871
640;Alton;16;42.9874869;-96.0105735;1216
641;Alton;17;39.4708437;-98.9481389;103
642;Alton;14;38.8906038;-90.1842764;27865
643;Alton;20;45.0464538;-68.7703126;NULL
644;Alton;10;30.0530017;-83.1379122;NULL
645;Alton;30;43.4523018;-71.2175671;501
646;Alton;46;37.4377602;-112.4827077;119
647;Alton;45;26.2872931;-98.3133487;12341
648;Alton;19;30.3307493;-89.762008;NULL
649;Alton;18;38.0889622;-84.9349514;NULL
650;Alton;49;36.5731952;-79.0027897;NULL
651;Altona;33;44.8883722;-73.6556985;730
652;Altona;15;41.3514383;-85.1549719;197
653;Altona;14;41.1147594;-90.1645637;531
654;Altoona;10;28.9658193;-81.6486855;89
655;Altoona;1;34.0262082;-86.3260923;933
656;Altoona;52;44.8046825;-91.4432148;6706
657;Altoona;39;40.5186809;-78.3947359;46320
658;Altoona;16;41.6441557;-93.4646571;14541
659;Altoona;17;37.5239434;-95.6613696;414
660;Altoona;50;46.2667745;-123.6562504;39
661;Altura;24;44.0716301;-91.9396022;493
662;Alturas;5;41.4871146;-120.5424555;2827
663;Alturas;10;27.871693;-81.7150798;4185
664;Altus;37;34.6420729006;-99.3577584885;19813
665;Altus;4;35.4461965;-93.7624172;758
666;Alum Bridge;51;39.0392579;-80.6550976;NULL
667;Alum Creek;51;38.2867627;-81.8051268;1749
668;Alum Rock;5;37.3660513;-121.8271756;15536
669;Alva;37;36.8089782006;-98.6902567885;4945
670;Alva;10;26.7156236;-81.6100797;2596
671;Alva;53;44.6947071;-104.4413419;NULL
672;Alva;18;36.7350862;-83.424354;NULL
673;Alvan;14;40.3070286;-87.606903;270
674;Alvarado;45;32.4065312;-97.2116782;3785
675;Alvarado;24;48.1941477;-96.9961813;363
676;Alvaton;18;36.8733754;-86.3530456;NULL
677;Alvaton;11;33.1709559;-84.5804828;NULL
678;Alvin;14;40.3083697;-87.6083537;NULL
679;Alvin;45;29.4238472;-95.2441009;24236
680;Alvin;52;45.9849576;-88.8292948;NULL
681;Alvin;42;33.3490559;-79.8161857;NULL
682;Alvo;28;40.8719438;-96.38751;132
683;Alvord;16;43.3421993;-96.3011403;196
684;Alvord;45;33.3584454;-97.6947537;1334
685;Alvordton;36;41.6658839;-84.436893;217
686;Alvwood;24;47.7305094;-94.2680052;NULL
687;Alzada;27;45.0230422;-104.4124527;29
688;Ama;19;29.9521491;-90.2964674;1316
689;Amado;3;31.7078658;-111.0645359;295
690;Amador City;5;38.4193553;-120.824103;185
691;Amagansett;33;40.9737117;-72.1436884;1165
692;Amagon;4;35.5620249;-91.1104012;98
693;Amalga;46;41.861039;-111.8957808;488
694;Amana;16;41.8000071;-91.8707335;442
695;Amanda;36;39.649508;-82.7443367;737
696;Amanda Park;50;47.4631419;-123.8860114;252
697;Amargosa Valley;29;36.6438422;-116.4003253;NULL
698;Amarillo;45;35.2219971;-101.8312969;190695
699;Amasa;23;46.2327267;-88.4487476;283
700;Amawalk;33;41.2884273;-73.7662443;NULL
701;Amazonia;26;39.8861052;-94.891913;312
702;Amber;16;42.1280617;-91.1801535;NULL
703;Amber;50;47.3518317;-117.7115986;NULL
704;Amber;37;35.1642889006;-97.9029934885;419
705;Amberg;52;45.503021;-87.9937262;180
706;Amberley;36;39.2047809;-84.427997;3585
707;Ambia;15;40.4900363;-87.5169642;239
708;Ambler;39;40.1545535;-75.2215651;6417
709;Ambler;2;67.0861111;-157.8513889;258
710;Amboy;5;34.5577721;-115.7444411;NULL
711;Amboy;24;43.8880148;-94.1566258;534
712;Amboy;14;41.7141997;-89.3287061;2500
713;Amboy;15;40.6014291;-85.9288757;384
714;Amboy;50;45.9101125;-122.446487;1608
715;Ambridge;39;40.5892339;-80.22506;7050
716;Ambridge Heights;39;40.5917339;-80.2117264;NULL
717;Ambrose;35;48.9539222;-103.4826921;26
718;Ambrose;11;31.5938031;-83.0143147;380
719;Amchitka;2;51.5672222;178.8775;NULL
720;Amelia;28;42.23556;-98.9120422;NULL
721;Amelia;19;29.6663204;-91.1020449;2459
722;Amelia;36;39.0283966;-84.2177136;4801
723;Amelia City;10;30.5902381;-81.4573127;NULL
724;Amelia Court House;49;37.3429281;-77.9805579;1099
725;Amenia;35;47.0049744;-97.2189763;94
726;Amenia;33;41.8492599;-73.5567919;955
727;American Beach;10;30.5749605;-81.4439788;NULL
728;American Canyon;5;38.1749179;-122.2608044;19454
729;American Falls;13;42.7860227;-112.8544377;4457
730;American Fork;46;40.3768954;-111.7957645;26263
731;Americus;11;32.0723862;-84.2326876;17041
732;Americus;17;38.506956;-96.2619425;894
733;Americus;15;40.5258695;-86.7580635;423
734;Americus;26;38.780321;-91.5640565;NULL
735;Amery;52;45.3069062;-92.3621369;2902
736;Ames;33;42.8375737;-74.6015301;145
737;Ames;16;42.0347081;-93.6199402;58965
738;Ames;37;36.2498159006;-98.2091278885;239
739;Ames;45;30.0538261;-94.7435327;1003
740;Ames;28;41.4522236;-96.6244714;24
741;Amesbury;22;42.8584235;-70.9300548;16283
742;Amesville;36;39.4006285;-81.9556956;154
743;Amherst;28;40.8381294565;-99.2669323226;248
744;Amherst;45;34.0103679;-102.4154645;721
745;Amherst;49;37.5851412;-79.0514134;2231
746;Amherst;22;42.3753677;-72.519254;19065
747;Amherst;52;44.4508079;-89.2848359;1035
748;Amherst;36;41.3978217;-82.2223775;12021
749;Amherst;33;42.978391;-78.7997559;NULL
750;Amherst;43;45.7380069;-97.9212165;NULL
751;Amherst;30;42.8614748;-71.6253487;613
752;Amherst;20;44.8334042;-68.3641881;NULL
753;Amherst;6;40.6827729;-102.1660185;58
754;Amherst Junction;52;44.4688628;-89.3126138;377
755;Amherstdale;51;37.7853849;-81.809284;350
756;Amidon;35;46.4822327;-103.3218466;20
757;Amiret;24;44.316625;-95.6969587;NULL
758;Amistad;32;35.9189256;-103.1538304;NULL
759;Amite;19;30.7265747;-90.5089815;4141
760;Amity;33;41.2681501;-74.4548793;NULL
761;Amity;15;39.4261618;-86.0010995;NULL
762;Amity;38;45.1156724;-123.2073257;1614
763;Amity;26;39.8708312;-94.4357869;54
764;Amity;4;34.2648201;-93.4610173;723
765;Amityville;33;40.6789893;-73.4170673;9523
766;Ammon;13;43.4696366;-111.9666355;13816
767;Amo;15;39.6881019;-86.6136129;401
768;Amonate;49;37.1909477;-81.6387209;NULL
769;Amoret;26;38.2553017;-94.5877329;190
770;Amorita;37;36.9284192006;-98.3155201885;37
771;Amory;25;33.9842768;-88.488099;7316
772;Amsden;36;41.2161645;-83.3285351;NULL
773;Amsterdam;27;45.7579842;-111.3199589;180
774;Amsterdam;36;40.4736758;-80.9228671;511
775;Amsterdam;26;38.3497423;-94.5891216;242
776;Amsterdam;33;42.9386856;-74.1881858;18620
777;Amy;4;33.7320525;-92.8154405;NULL
778;Amy;17;38.4819617;-100.6018105;NULL
779;Anacoco;19;31.2521279;-93.3412795;869
780;Anaconda;27;46.1285369;-112.9422641;NULL
781;Anacortes;50;48.5126045;-122.6126718;15778
782;Anadarko;37;35.0765094006;-98.2674456885;6762
783;Anaheim;5;33.8352932;-117.9145036;336265
784;Anahola;12;22.1422622;-159.3138837;2223
785;Anahuac;45;29.7730001;-94.6826961;2243
786;Anaktuvuk Pass;2;68.1433333;-151.7358333;324
787;Anamoose;35;47.8825008;-100.241246;227
788;Anamosa;16;42.1083371;-91.2851594;5533
789;Anandale;19;31.255184;-92.4540258;NULL
790;Añasco;40;18.2827291;-67.1396245;5075
791;Anatone;50;46.1348764;-117.1323791;NULL
792;Anawalt;51;37.3359486;-81.4364928;226
793;Anceney;27;45.6485396;-111.3546821;NULL
794;Ancho;32;33.937848;-105.7397082;NULL
795;Anchor;14;40.5680898;-88.5356146;146
796;Anchor Bay;5;38.8026883;-123.5777894;340
797;Anchor Point;2;59.7766667;-151.8313889;1930
798;Anchorage;2;61.2180556;-149.9002778;291826
799;Anchorage;18;38.2667373;-85.5330157;2348
800;Anchorville;23;42.6911437;-82.6885269;NULL
801;Ancor;36;39.1372827;-84.317716;NULL
802;Ancram;33;42.0506467;-73.6362361;NULL
803;Andale;17;37.790567;-97.629492;928
804;Andalusia;1;31.3085039;-86.4832913;9015
805;Andalusia;14;41.4391986;-90.717641;1178
806;Anderson;42;34.5034394;-82.6501333;26686
807;Anderson;5;40.448208;-122.2977815;9932
808;Anderson;1;34.9284179;-87.266407;282
809;Anderson;26;36.650627;-94.44355;1961
810;Anderson;15;40.1053196;-85.6802541;56129
811;Anderson;2;64.3441667;-149.1869444;246
812;Anderson;16;40.8013888;-95.6041625;65
813;Anderson;31;40.770655;-74.919058;342
814;Anderson;43;43.5207302;-96.613183;371
815;Anderson;45;30.487147;-95.9868986;222
816;Anderson Mill;45;30.4549224;-97.8058432;NULL
817;Andersonville;15;39.4975488;-85.2888542;NULL
818;Andersonville;36;39.4278405;-83.0096262;779
819;Andersonville;44;36.1986898;-84.0371392;472
820;Andersonville;11;32.1959947;-84.1399085;255
821;Andes;33;42.1886976;-74.7857138;252
822;Andes;27;47.9555738;-104.5488444;NULL
823;Anding;25;32.6920811;-90.39787;NULL
824;Andover;30;43.4370198;-71.8234138;NULL
825;Andover;47;43.2772967;-72.6967616;NULL
826;Andover;20;44.6356166;-70.7511813;NULL
827;Andover;7;41.7373212;-72.37036;NULL
828;Andover;36;41.6067211;-80.572296;1145
829;Andover;14;41.2939249;-90.2920678;578
830;Andover;16;41.9791933;-90.2517961;103
831;Andover;17;37.7139041;-97.1364294;11791
832;Andover;24;45.2332985;-93.2913405;30598
833;Andover;22;42.6584254;-71.1370012;8762
834;Andover;43;45.4102319;-97.9025974;91
835;Andover;31;40.9859311;-74.7421089;606
836;Andover;33;42.1564581;-77.7955509;1042
837;Andrew;16;42.1536292;-90.5923542;434
838;Andrew;19;30.0849269;-92.2429057;NULL
839;Andrews;15;40.8625448;-85.6016458;1149
840;Andrews;34;35.2017549;-83.8240667;1781
841;Andrews;42;33.451278;-79.5608971;2861
842;Andrews;45;32.3187158;-102.5457155;11088
843;Andrix;6;37.2794624;-103.1927114;NULL
844;Anegam;3;32.3728432;-112.0309692;151
845;Aneta;35;47.6794377;-97.9881509;222
846;Aneth;46;37.216108;-109.187057;501
847;Angel Fire;32;36.3930879;-105.2850091;1216
848;Angela;27;46.730002;-106.2011344;NULL
849;Angeles;45;31.9015146;-103.9624217;NULL
850;Angelica;52;44.6738809;-88.3137133;92
851;Angelica;33;42.3067345;-78.0158388;869
852;Angelo;52;43.9707992;-90.7779121;NULL
853;Angels;5;38.0706893;-120.5501372;3836
854;Angelus;17;39.1911181;-100.6843115;NULL
855;Angie;19;30.9665729;-89.8095208;251
856;Angier;34;35.5071045;-78.7391813;4350
857;Angiola;5;35.9891192;-119.4759537;NULL
858;Angle;46;38.2491504;-111.9765847;NULL
859;Angle Inlet;24;49.3452738;-95.062738;60
860;Angleton;45;29.16941;-95.4318847;18862
861;Angola;17;37.1056293;-95.4494197;NULL
862;Angola;33;42.6383925;-79.0278156;2127
863;Angola;15;41.6347726;-84.9994088;8612
864;Angola on the Lake;33;42.6547811;-79.0489273;1675
865;Angoon;2;57.5033333;-134.5838889;459
866;Angora;24;47.7749204;-92.6340652;NULL
867;Angora;28;41.8519134;-103.1252082;NULL
868;Anguilla;25;32.9740155;-90.8245437;726
869;Angus;45;32.0062671;-96.4330375;414
870;Angus;28;40.2822308;-97.9794853;NULL
871;Angus;24;48.081085;-96.7031179;NULL
872;Angwin;5;38.5757402;-122.4499796;3051
873;Aniak;2;61.5783333;-159.5222222;501
874;Animas;40;18.4455016;-66.6348964;1203
875;Animas;32;31.9489799;-108.8072777;237
876;Anita;39;41.001453;-78.9630893;NULL
877;Anita;16;41.445265;-94.7647015;972
878;Aniwa;52;45.0085802;-89.2142801;260
879;Ankeny;16;41.7297102;-93.6057734;45582
880;Ankenytown;36;40.534227;-82.5048871;NULL
881;Ankona;10;27.3405984;-80.2750488;NULL
882;Anmoore;51;39.2567572;-80.2923107;770
883;Ann Arbor;23;42.2708716;-83.7263294;113934
884;Anna;14;37.4603274;-89.2470282;4442
885;Anna;45;33.3490012;-96.5485991;8249
886;Anna;36;40.3944932;-84.1727231;1567
887;Anna Maria;10;27.5311474;-82.7334334;1503
888;Annabella;46;38.7091363;-112.0599249;795
889;Annada;26;39.2611584;-90.8276282;29
890;Annamoriah;51;38.9406392;-81.227061;NULL
891;Annandale;49;38.8303905;-77.1963703;41008
892;Annandale;24;45.2627428;-94.1244271;3228
893;Annapolis;21;38.9784453;-76.4921829;38394
894;Annapolis;26;37.3603272;-90.6976197;345
895;Annapolis;50;47.5475957;-122.6206931;NULL
896;Annapolis;14;39.1444842;-87.8166964;55
897;Annawan;14;41.3972573;-89.9045518;878
898;Anneta;18;37.370885;-86.2452509;NULL
899;Annetta;45;32.709297;-97.6761384;1288
900;Annetta North;45;32.7192966;-97.6758608;518
901;Annetta South;45;32.6681874;-97.6605822;526
902;Annette;2;55.0616667;-131.5416667;NULL
903;Annex;38;44.2401641;-116.9843331;235
904;Anniston;26;36.8258878;-89.3278513;232
905;Anniston;1;33.6598257;-85.8316318;23106
906;Annona;45;33.5806657;-94.9154952;315
907;Annsville;33;41.3075939;-73.927916;NULL
908;Annville;18;37.3192547;-83.9704832;1095
909;Annville;39;40.3295359;-76.5152443;4767
910;Anoka;24;45.1977428;-93.3871758;17142
911;Anoka;28;42.9469422;-98.8309221;6
912;Anon Raices;40;18.1391575;-66.5865124;287
913;Anselma;39;40.0814929;-75.6418715;NULL
914;Anselmo;28;41.6186139;-99.8651238;145
915;Ansley;28;41.2877859;-99.3817682;441
916;Ansley;25;30.2251968;-89.4836622;NULL
917;Ansley;19;32.3957084;-92.6929289;NULL
918;Ansley;1;31.8862644;-86.1157906;NULL
919;Anson;17;37.3652979;-97.5297704;NULL
920;Anson;52;44.9807952;-91.2868188;NULL
921;Anson;45;32.7565042;-99.896207;2430
922;Anson;20;44.798393;-69.8892241;752
923;Ansonia;7;41.3462078;-73.0789969;19249
924;Ansonia;36;40.214492;-84.6369011;1174
925;Ansonville;34;35.1045943;-80.1092259;631
926;Ansted;51;38.1362201;-81.0995479;1404
927;Anston;52;44.6172144;-88.160381;NULL
928;Antares;3;35.419715;-113.8085563;126
929;Antelope;5;38.7082357;-121.3299513;45770
930;Antelope;17;38.4361259;-96.9739075;NULL
931;Antelope;43;43.3030592;-100.6293047;826
932;Antelope;38;44.9106819;-120.7228173;46
933;Antelope;27;48.6897494;-104.4582863;51
934;Anthem;3;33.8672581;-112.1468235;21700
935;Anthon;16;42.3883232;-95.8666772;565
936;Anthony;17;37.1533554;-98.0311728;2269
937;Anthony;32;32.0039897;-106.6058257;9360
938;Anthony;45;31.9992676;-106.6055478;5011
939;Anthony;10;29.2894189;-82.1117588;NULL
940;Anthony;51;37.8959542;-80.3320174;NULL
941;Anthonyville;4;35.0395377;-90.3409315;161
942;Anthoston;18;37.7594876;-87.5383429;NULL
943;Antietam;21;39.416211;-77.7422152;89
944;Antigo;52;45.140245;-89.1523353;8234
945;Antimony;46;38.1169284;-111.99964;122
946;Antioch;37;34.7290264006;-97.4293646885;NULL
947;Antioch;28;42.0683069;-102.5821415;NULL
948;Antioch;5;38.0049214;-121.805789;102372
949;Antioch;14;42.4772418;-88.0956396;14430
950;Antioch;36;39.660074;-81.0678844;86
951;Antler;35;48.9708532;-101.2823803;27
952;Antlers;37;34.2351594006;-95.6440306885;2453
953;Antoine;4;34.0362152;-93.4207343;117
954;Anton;45;33.8112013;-102.1637854;1126
955;Anton;18;37.3519891;-87.3947207;NULL
956;Anton;6;39.7416502;-103.2171616;NULL
957;Anton Chico;32;35.2000506;-105.1422244;188
958;Antón Ruíz;40;18.1882693;-65.8078813;1589
959;Antone;38;44.4715299;-119.8099881;NULL
960;Antonia;19;31.564342;-92.4093051;NULL
961;Antonino;17;38.7839011;-99.3926061;NULL
962;Antonito;6;37.079179;-106.0086329;781
963;Antreville;42;34.3039983;-82.5423502;140
964;Antrim;30;43.0309142;-71.9389689;1397
965;Antrim;19;32.8773616;-93.705177;NULL
966;Antrim;39;41.633961;-77.2869204;NULL
967;Antrim;36;40.1203474;-81.3584466;NULL
968;Antwerp;33;44.1992272;-75.6068791;686
969;Antwerp;36;41.1814388;-84.7405144;1736
970;Anvik;2;62.6561111;-160.2066667;85
971;Anza;5;33.555028;-116.6736299;3014
972;Apache;37;34.8976240006;-98.3896705885;1444
973;Apache Creek;32;33.833109;-108.6250625;67
974;Apache Junction;3;33.4150485;-111.5495777;35840
975;Apalachee;11;33.6865126;-83.4309962;NULL
976;Apalachicola;10;29.7257675;-84.9832435;2231
977;Apalachin;33;42.0695189;-76.1546504;1131
978;Apex;34;35.732652;-78.8502856;37476
979;Apgar;27;48.527745;-113.9931745;NULL
980;Apison;44;35.023964;-85.0238375;2469
981;Aplin;4;34.9739783;-92.9787838;NULL
982;Aplington;16;42.5841454;-92.8843642;1128
983;Apollo;39;40.5814546;-79.5664333;1647
984;Apollo Beach;10;27.7730836;-82.4075935;14055
985;Apopka;10;28.6805529;-81.5095165;41542
986;Appalachia;49;36.9067631;-82.7818275;1754
987;Apple Canyon Lake;14;42.42061;-90.15647;558
988;Apple Creek;36;40.7517229;-81.8393038;1173
989;Apple Grove;51;38.6650835;-82.1690338;204
990;Apple Grove;49;37.8929198;-77.8969398;NULL
991;Apple Mountain Lake;49;38.9242777;-78.1013873;1396
992;Apple River;14;42.5050054;-90.0987361;366
993;Apple Springs;45;31.2235179;-94.9663228;NULL
994;Apple Valley;36;40.4389;-82.35391;5058
995;Apple Valley;5;34.5008311;-117.1858759;69135
996;Apple Valley;46;37.0897057;-113.1243876;701
997;Apple Valley;24;44.7319094;-93.21772;49084
998;Appleby;45;31.7162882;-94.6049313;474
999;Applegate;23;43.3553017;-82.6371499;248
1000;Applegate;5;39.0007303;-120.9924431;NULL
1001;Applegate;38;42.2570662;-123.1683833;NULL
1002;Appleton;33;43.3275563;-78.6480878;NULL
1003;Appleton;20;44.289243;-69.2508768;NULL
1004;Appleton;24;45.1969058;-96.0197673;1412
1005;Appleton;52;44.2619309;-88.4153847;72623
1006;Appleton;4;35.4253584;-92.8743347;NULL
1007;Appleton City;26;38.1905819;-94.0293867;1127
1008;Applewold;39;40.8086753;-79.5217115;310
1009;Appling;11;33.5459683;-82.3159572;NULL
1010;Appomattox;49;37.3570894;-78.8252911;1733
1011;Apshawa;31;41.0175974;-74.3629292;NULL
1012;Aptakisic;14;42.182525;-87.9472943;NULL
1013;Aptos;5;36.9771729;-121.8994016;6220
1014;Aqua Park;37;35.6243207006;-95.0998511885;NULL
1015;Aquadale;34;35.2273678;-80.2256167;397
1016;Aquasco;21;38.5851203;-76.7249652;981
1017;Aquebogue;33;40.9445438;-72.6270382;2438
1018;Aquia Harbour;49;38.4626238;-77.3888714;6727
1019;Aquilla;45;31.8515484;-97.2180635;109
1020;Aquilla;36;41.5725513;-81.1542664;340
1021;Arab;1;34.3181497;-86.4958219;8050
1022;Arabi;19;29.9543702;-90.0053477;3635
1023;Arabi;11;31.8315661;-83.7379487;586
1024;Arabia;36;38.6581354;-82.4734899;NULL
1025;Arabia;28;42.7311139;-100.372629;NULL
1026;Aragon;32;33.8811636;-108.5389502;94
1027;Aragon;11;34.045655;-85.056058;1249
1028;Aransas Pass;45;27.9094677;-97.1499898;8204
1029;Arapaho;37;35.5817746006;-98.9883141885;796
1030;Arapahoe;6;38.8500072;-102.1821277;NULL
1031;Arapahoe;34;35.0257168;-76.8254925;556
1032;Arapahoe;53;42.9621822;-108.4898309;1656
1033;Arapahoe;28;40.3041736;-99.900402;1026
1034;Ararat;49;36.599025;-80.5106192;NULL
1035;Arbela;26;40.4625355;-92.0168425;41
1036;Arboles;6;37.0280607;-107.4192149;280
1037;Arbon;13;42.4557488;-112.5683118;NULL
1038;Arbon Valley;13;42.8846716;-112.5942843;599
1039;Arbor Hill;16;41.3666552;-94.3182941;NULL
1040;Arbor Vitae;52;45.9205077;-89.6634802;NULL
1041;Arbuckle;5;39.0173963;-122.0577477;3028
1042;Arbury Hills;14;41.5355887;-87.8475511;NULL
1043;Arbutus;21;39.2545512;-76.6999702;20483
1044;Arbyrd;26;36.0509021;-90.2387092;509
1045;Arcade;33;42.5339513;-78.4230737;2071
1046;Arcade;11;34.0778881;-83.5615536;1786
1047;Arcade;45;31.8029048;-102.4459776;NULL
1048;Arcadia;45;29.3832908;-95.1202075;NULL
1049;Arcadia;39;40.7811757;-78.852531;NULL
1050;Arcadia;42;34.9581764;-81.9906603;2634
1051;Arcadia;37;35.6706707006;-97.3504855885;247
1052;Arcadia;23;44.4930555;-86.2317586;291
1053;Arcadia;10;27.2158826;-81.8584164;7637
1054;Arcadia;15;40.1758704;-86.0216521;1666
1055;Arcadia;36;41.1083868;-83.5168725;590
1056;Arcadia;28;41.4233426;-99.126204;311
1057;Arcadia;5;34.1397292;-118.0353449;56364
1058;Arcadia;19;32.5490406;-92.920158;2919
1059;Arcadia;52;44.2527405;-91.5015432;2925
1060;Arcadia;26;37.5881058;-90.6290109;608
1061;Arcadia;17;37.6419893;-94.6238481;310
1062;Arcadia;16;42.0872073;-95.0461023;484
1063;Arcadia Lakes;42;34.0537651;-80.9612008;861
1064;Arcanum;36;39.9900504;-84.553286;2129
1065;Arcata;5;40.8665166;-124.0828396;17231
1066;Arch Cape;38;45.8289958;-123.9620824;NULL
1067;Archbald;39;41.4948038;-75.5368521;6984
1068;Archbold;36;41.5214401;-84.307172;4346
1069;Archdale;34;35.914581;-79.9719831;11415
1070;Archer;10;29.5299677;-82.5189969;1118
1071;Archer;16;43.1152567;-95.7458466;131
1072;Archer;28;41.1652914;-98.1358939;81
1073;Archer City;45;33.5956593;-98.6256128;1834
1074;Archer Lodge;34;35.6940442;-78.3755557;4292
1075;Archibald;19;32.3490353;-91.7773484;NULL
1076;Archie;19;31.5798958;-91.9673517;NULL
1077;Archie;26;38.4816813;-94.3543929;1170
1078;Archville;33;41.1217626;-73.8612466;NULL
1079;Arco;11;31.2013406;-81.5062129;NULL
1080;Arco;24;44.3835765;-96.1836478;75
1081;Arco;13;43.6365693;-113.3002844;995
1082;Arcola;25;33.2698419;-90.8798226;361
1083;Arcola;26;37.5492098;-93.8752137;55
1084;Arcola;14;39.684755;-88.3064367;2916
1085;Arcola;11;32.3435229;-81.6020546;NULL
1086;Arcola;49;38.9517772;-77.5341578;233
1087;Arcola;45;29.4960702;-95.4657756;1642
1088;Arcola;15;41.1036587;-85.294141;NULL
1089;Arctic Village;2;68.1269444;-145.5377778;152
1090;Ardara;39;40.357847;-79.7350449;NULL
1091;Arden;33;41.2745381;-74.1529235;NULL
1092;Arden;29;36.0180284;-115.2308304;NULL
1093;Arden;4;33.6895629;-94.2857555;NULL
1094;Arden;8;39.8092794;-75.4865866;439
1095;Arden Hills;24;45.0502435;-93.1566112;9552
1096;Arden Town;5;38.5740724;-121.3830078;NULL
1097;Ardencroft;8;39.8042795;-75.491309;231
1098;Ardentown;8;39.808446;-75.4829752;264
1099;Ardenvoir;50;47.7373499;-120.3689741;NULL
1100;Ardmore;43;43.0194127;-103.6563145;NULL
1101;Ardmore;39;40.0067786;-75.2854622;12455
1102;Ardmore;44;34.993993683;-86.8440196322;1213
1103;Ardmore;1;34.9886941475;-86.841826721;1194
1104;Ardmore;37;34.1782085006;-97.1674084885;24283
1105;Ardoch;35;48.2072096;-97.3422986;67
1106;Ardsley;33;41.0106531;-73.8437452;4452
1107;Arecibo;40;18.472445;-66.7157306;44191
1108;Aredale;16;42.8330278;-93.0054745;74
1109;Arena;52;43.165548;-89.9129013;834
1110;Arenas Valley;32;32.7939639;-108.1842122;1522
1111;Arendtsville;39;39.923149;-77.2985956;952
1112;Arenzville;14;39.8769918;-90.3734571;409
1113;Argenta;14;39.9819808;-88.8228535;947
1114;Argentine;23;42.7914188;-83.846343;2525
1115;Argo;1;33.6817681;-86.5305409;4071
1116;Argo;18;37.4806644;-82.0631829;NULL
1117;Argo;45;33.2551176;-94.8949339;NULL
1118;Argonia;17;37.265854;-97.7656092;501
1119;Argonne;52;45.6596839;-88.8792825;160
1120;Argos;15;41.2378;-86.214646;1691
1121;Argusville;35;47.0521927;-96.9345275;475
1122;Argyle;52;42.7011151;-89.8670679;857
1123;Argyle;33;43.2378519;-73.4915018;306
1124;Argyle;24;48.3327553;-96.8208949;639
1125;Argyle;26;38.2944849;-92.0237835;162
1126;Argyle;11;31.0741004;-82.6484726;212
1127;Argyle;45;33.1212321;-97.1833475;3282
1128;Argyle;16;40.5317073;-91.5662701;NULL
1129;Arial;42;34.8459487;-82.641522;2543
1130;Ariel;50;45.9567789;-122.5709345;NULL
1131;Ariel;10;28.9005441;-80.8636643;NULL
1132;Arietta;33;43.246181;-74.5176433;NULL
1133;Arimo;13;42.559917;-112.1713544;355
1134;Arion;16;41.9491551;-95.4636115;108
1135;Aripeka;10;28.4322226;-82.6642675;308
1136;Aripine;3;34.4083712;-110.4309553;NULL
1137;Arispe;45;31.1512406;-105.2749522;NULL
1138;Arispe;16;40.9494354;-94.2191198;100
1139;Arista;51;37.4726158;-81.2606557;NULL
1140;Aristes;39;40.8184206;-76.3382806;311
1141;Ariton;1;31.6001655;-85.7188298;764
1142;Arivaca;3;31.5748121;-111.3323208;695
1143;Arivaca Junction;3;31.7273097;-111.0612026;1090
1144;Arizona City;3;32.7558935;-111.6709584;10475
1145;Arizona Village;3;34.8530598;-114.5844085;946
1146;Arkadelphia;4;34.1209292;-93.053784;10714
1147;Arkadelphia;1;33.9051027;-86.9625006;NULL
1148;Arkana;4;36.2384016;-92.316546;NULL
1149;Arkansas City;4;33.6087222;-91.2067794;366
1150;Arkansas City;17;37.0619736;-97.0383712;12415
1151;Arkansaw;52;44.6338546;-92.0312839;177
1152;Arkdale;52;44.0271908;-89.8879049;158
1153;Arkinda;4;33.7803931;-94.4688178;NULL
1154;Arkoe;26;40.2580466;-94.827747;68
1155;Arkoma;37;35.3584838006;-94.4578873885;1989
1156;Arkport;33;42.3945133;-77.6966596;844
1157;Arkwright;33;42.4070024;-79.2364314;NULL
1158;Arland;52;45.3382928;-92.0229576;NULL
1159;Arlee;27;47.1618716;-114.0851093;636
1160;Arletta;50;47.2900966;-122.6676311;NULL
1161;Arley;1;34.078993;-87.2122325;357
1162;Arlington;44;35.2961973;-89.661469;11517
1163;Arlington;50;48.1987118;-122.1251418;17926
1164;Arlington;38;45.716796;-120.2008761;586
1165;Arlington;45;32.735687;-97.1080656;365438
1166;Arlington;28;41.4524974;-96.3511329;1243
1167;Arlington;14;41.4736452;-89.2492531;193
1168;Arlington;36;40.8936647;-83.6502092;1455
1169;Arlington;11;31.4398976;-84.7249188;1479
1170;Arlington;18;36.7903347;-89.012842;324
1171;Arlington;33;41.6959269;-73.8968025;4061
1172;Arlington;47;43.0747996;-73.1539955;1213
1173;Arlington;22;42.4153739;-71.1564428;42844
1174;Arlington;52;43.338044;-89.3803956;819
1175;Arlington;43;44.3644133;-97.1331212;915
1176;Arlington;17;37.8966808;-98.1786739;473
1177;Arlington;16;42.7491501;-91.6712664;429
1178;Arlington;24;44.6082967;-94.0805278;2233
1179;Arlington;49;38.8903896;-77.0841446;207627
1180;Arlington;34;36.2273569;-80.8334037;NULL
1181;Arlington;19;30.3882477;-91.1717733;NULL
1182;Arlington;3;33.3255978;-112.7640604;194
1183;Arlington;53;41.5946899;-106.2083459;25
1184;Arlington;15;39.6425462;-85.576363;433
1185;Arlington;6;38.3361148;-103.3432665;NULL
1186;Arlington Heights;36;39.2150584;-84.4554978;745
1187;Arlington Heights;14;42.0883603;-87.9806265;75101
1188;Arm;25;31.5029489;-90.0161945;NULL
1189;Arma;17;37.5439358;-94.7002395;1481
1190;Armada;23;42.8441964;-82.8843722;1730
1191;Armagh;39;40.4536813;-79.0319742;122
1192;Armbrust;39;40.2236816;-79.5511504;NULL
1193;Armijo;32;35.0536584;-106.677248;NULL
1194;Armington;27;47.3663543;-110.9035659;NULL
1195;Armington;14;40.3389293;-89.3114813;343
1196;Arminto;53;43.1788513;-107.2575661;NULL
1197;Armona;5;36.3157833;-119.7084642;4156
1198;Armonk;33;41.1264849;-73.7140195;4330
1199;Armor;33;42.7406149;-78.7989204;NULL
1200;Armorel;4;35.9200742;-89.7981381;NULL
1201;Armour;43;43.3186012;-98.3467455;699
1202;Armstrong;16;43.3960697;-94.4783082;926
1203;Armstrong;26;39.2697545;-92.7012937;284
1204;Armstrong;10;29.7621914;-81.4478542;NULL
1205;Armstrong;37;34.0554319006;-96.3690515885;105
1206;Armstrong;45;26.9244994;-97.7913842;NULL
1207;Armstrong Creek;52;45.6582937;-88.4462301;NULL
1208;Armstrongs Mills;36;39.9081284;-80.9348176;NULL
1209;Arnaudville;19;30.3976973;-91.9315062;1057
1210;Arnegard;35;47.8077966;-103.4410273;115
1211;Arnett;37;34.7512287006;-99.9888857885;NULL
1212;Arnett;45;31.445163;-97.8914151;NULL
1214;Arney;45;34.6872861;-102.1029694;NULL
1215;Arno;45;31.6631852;-103.6360152;NULL
1216;Arnold;39;40.1164618;-79.825045;498
1218;Arnold;24;46.8802157;-92.0904654;2960
1219;Arnold;26;38.4328317;-90.3776187;20808
1220;Arnold;21;39.0320554;-76.5027395;23106
1221;Arnold;5;38.2554729;-120.3510307;3843
1222;Arnold;28;41.4225018;-100.1934649;597
1223;Arnold Line;25;31.3351739;-89.3733971;1719
1224;Arnold Mill;11;34.1175977;-84.387982;NULL
1225;Arnolds Park;16;43.3727408;-95.1238841;1126
1226;Arnoldsville;11;33.9051167;-83.2168199;357
1227;Arnot;39;41.6625737;-77.1230256;332
1228;Arnott;52;44.4571931;-89.446783;NULL
1229;Arock;38;42.9140441;-117.5251539;NULL
1230;Aroma Park;14;41.0797548;-87.8114285;743
1231;Aromas;5;36.8885646;-121.6430011;2650
1232;Arona;39;40.2692366;-79.6614311;370
1233;Aroya;6;38.8541641;-103.1254894;NULL
1234;Arp;45;32.2254332;-95.0577207;970
1235;Arpelar;37;34.9459853006;-95.9893366885;272
1236;Arpin;52;44.540516;-90.0351302;333
1237;Arredondo;10;29.6049677;-82.4092726;NULL
1238;Arrey;32;32.848685;-107.3191907;232
1239;Arriba;6;39.2860997;-103.2754955;193
1240;Arrington;49;37.6840306;-78.9011326;708
1241;Arrington;17;39.4627757;-95.5363667;NULL
1242;Arrow Creek;27;47.3444156;-110.1752033;NULL
1243;Arrow Point;26;36.5447891;-93.6193575;86
1244;Arrow Rock;26;39.0697466;-92.9465808;56
1245;Arrowbear Lake;5;34.2108413;-117.0833709;NULL
1246;Arrowhead Highlands;5;34.2300069;-117.2628206;NULL
1247;Arrowsic;20;43.8498038;-69.7781013;NULL
1248;Arrowsmith;14;40.4494787;-88.6317305;294
1249;Arroyo;40;17.9658005;-66.0612756;6396
1250;Arroyo Grande;5;35.1185869;-120.5907252;17252
1251;Arroyo Hondo;32;36.5358566;-105.6697335;474
1252;Arroyo Seco;32;36.5166928;-105.5691763;1785
1253;Art;45;30.7385109;-99.1114416;NULL
1254;Artas;43;45.8880399;-99.8065067;9
1255;Artemus;18;36.8334202;-83.8415895;590
1256;Artesia;3;32.6981232;-109.7075779;NULL
1257;Artesia;5;33.8658484;-118.0831212;16522
1258;Artesia;32;32.8423345;-104.4032963;11301
1259;Artesia;25;33.4153994;-88.6439366;440
1260;Artesia Wells;45;28.279997;-99.2844773;NULL
1261;Artesian;43;44.0091465;-97.9209135;138
1262;Arthur;35;47.1041435;-97.2181431;337
1263;Arthur;16;42.3347078;-95.3474969;206
1264;Arthur;28;41.5716538;-101.691565;117
1265;Arthur;14;39.7147552;-88.472278;2288
1266;Arthur;44;36.5481372;-83.6707465;NULL
1267;Arthur;29;40.7965912;-115.1908833;337
1268;Arthur City;45;33.8703827;-95.5063468;NULL
1269;Artois;5;39.6196036;-122.1938726;295
1270;Arundel;20;43.3825857;-70.4778292;NULL
1271;Arundel Village;21;39.2223299;-76.6041327;NULL
1272;Arvada;6;39.8027644;-105.0874842;106433
1273;Arvada;53;44.6535934;-106.1311391;43
1274;Arvana;45;32.8098214;-101.9148794;NULL
1275;Arvin;5;35.209129;-118.828431;19304
1276;Arvonia;49;37.683478;-78.3413918;NULL
1277;Asbury;51;37.8198426;-80.5592455;NULL
1278;Asbury;31;40.6959334;-75.0101715;273
1279;Asbury;16;42.5144462;-90.751516;4170
1280;Asbury;26;37.2744997;-94.6055102;207
1281;Asbury Park;31;40.2203907;-74.0120817;16116
1282;Ascutney;47;43.4070172;-72.4070346;540
1283;Ash Flat;4;36.2239566;-91.6084751;1082
1284;Ash Fork;3;35.2250114;-112.4840675;396
1285;Ash Grove;26;37.3153257;-93.5852004;1472
1286;Ash Grove;17;39.1613974;-98.3620041;NULL
1287;Asharoken;33;40.9278757;-73.3598395;654
1288;Ashaway;41;41.4234329;-71.7856238;1485
1289;Ashburn;11;31.7060134;-83.653224;4152
1290;Ashburn;26;39.5447683;-91.1687521;52
1291;Ashburn;49;39.0437192;-77.4874899;43511
1292;Ashburnham;22;42.636199;-71.907854;NULL
1293;Ashby;22;42.6778657;-71.8203525;NULL
1294;Ashby;28;42.0219276;-101.9276811;NULL
1295;Ashby;1;33.0209548;-86.9194347;NULL
1296;Ashby;24;46.093016;-95.8175498;446
1297;Ashdown;4;33.6742867;-94.1313054;4723
1298;Asheboro;34;35.7079146;-79.8136446;25012
1299;Asher;37;34.9934707006;-96.9474152885;393
1300;Asherton;45;28.4419323;-99.7603293;1084
1301;Asherville;17;39.4058375;-97.9769886;28
1302;Asheville;34;35.6009452;-82.554015;83393
1303;Ashfield;22;42.5264745;-72.788426;NULL
1304;Ashford;7;41.8731532;-72.1214653;NULL
1305;Ashford;33;42.3203418;-78.6080818;NULL
1306;Ashford;52;43.5869385;-88.3706558;NULL
1307;Ashford;50;46.7584413;-122.0309409;217
1308;Ashford;1;31.1829562;-85.236321;2148
1309;Ashippun;52;43.2119477;-88.5162108;333
1310;Ashkum;14;40.8803114;-87.9550405;761
1311;Ashland;18;38.4784144;-82.6379387;21684
1312;Ashland;14;39.8878264;-90.0078907;1333
1313;Ashland;1;33.2737256;-85.8360741;2037
1314;Ashland;25;34.832872;-89.1759026;569
1315;Ashland;27;45.5944444;-106.2708477;824
1316;Ashland;5;37.6946528;-122.1138531;21925
1317;Ashland;19;32.1418256;-93.0982193;269
1318;Ashland;38;42.1945759;-122.7094767;20078
1319;Ashland;26;38.7744802;-92.2571304;3707
1320;Ashland;28;41.039165;-96.368346;2453
1321;Ashland;49;37.7590318;-77.4799837;7225
1322;Ashland;17;37.1886376;-99.7656834;867
1323;Ashland;39;40.7817542;-76.3457825;2817
1324;Ashland;36;40.8686675;-82.3182178;20362
1325;Ashland;52;46.5924428;-90.8837982;8216
1326;Ashland;30;43.6953512;-71.6306325;1244
1327;Ashland;37;34.7718192006;-96.0935037885;66
1328;Ashland;20;46.6311528;-68.4061523;709
1329;Ashland;33;42.3036956;-74.3334789;NULL
1330;Ashland;22;42.2612067;-71.4633956;NULL
1331;Ashland City;44;36.2742207;-87.0641699;4541
1332;Ashland Heights;43;44.1297097;-103.1251785;754
1333;Ashley;36;40.4089499;-82.955461;1330
1334;Ashley;39;41.2103599;-75.8965859;2790
1335;Ashley;35;46.0341408;-99.3715033;749
1336;Ashley;14;38.3294942;-89.1909097;536
1337;Ashley;23;43.186696;-84.4744347;563
1338;Ashley;15;41.526203;-85.066784;983
1339;Ashley;26;39.2511547;-91.2204236;90
1340;Ashley Heights;34;35.0904381;-79.3697567;380
1341;Ashmore;14;39.5330909;-88.0222582;785
1342;Ashport;44;35.7600774;-89.7856373;NULL
1343;Ashtabula;36;41.8650534;-80.7898089;19124
1344;Ashtola;45;35.0064389;-101.0434843;NULL
1345;Ashton;42;33.0159946;-80.9706582;NULL
1346;Ashton;21;39.149274;-77.0124774;NULL
1347;Ashton;17;37.0830827;-97.2386534;NULL
1348;Ashton;16;43.3113619;-95.7911276;458
1349;Ashton;43;44.9949746;-98.4978718;122
1350;Ashton;28;41.2480665;-98.7942467;194
1351;Ashton;14;41.8661417;-89.2212088;972
1352;Ashton;13;44.0715807;-111.4482884;1127
1353;Ashville;36;39.7156186;-82.9529584;4097
1354;Ashville;1;33.8370433;-86.2544223;2212
1355;Ashville;39;40.5600684;-78.5486289;227
1356;Ashville;20;44.4878561;-68.1211205;NULL
1357;Ashville;10;30.6165911;-83.6465465;NULL
1358;Ashwaubenon;52;44.4822137;-88.0701034;16963
1359;Ashwood;38;44.7337386;-120.7544782;NULL
1360;Askewville;34;36.1098801;-76.9399544;241
1361;Askov;24;46.1866144;-92.7824204;364
1362;Asotin;50;46.3393265;-117.0482116;1251
1363;Aspen;6;39.1910983;-106.8175387;6658
1364;Aspen;53;41.2057809;-110.7518395;NULL
1365;Aspen Hill;21;39.0795529;-77.0730338;48759
1366;Aspen Park;6;39.539155;-105.2947148;882
1367;Aspen Springs;5;37.5546544;-118.7131817;65
1368;Aspermont;45;33.1334307;-100.2273276;919
1369;Aspers;39;39.9795374;-77.2227605;350
1370;Aspetuck;7;41.2181517;-73.3209508;NULL
1371;Aspinwall;16;41.911931;-95.135549;40
1372;Aspinwall;39;40.4914575;-79.9047732;2801
1373;Assaria;17;38.6802826;-97.6044806;413
1374;Assinippi;22;42.1584343;-70.8508764;NULL
1375;Assumption;28;40.5100145;-98.572288;NULL
1376;Assumption;14;39.5203188;-89.0489712;1168
1377;Astatula;10;28.7097167;-81.7328542;1810
1378;Astico;52;43.3330477;-88.9398302;NULL
1379;Astor;10;29.1624801;-81.5253492;1556
1380;Astor Park;10;29.1535911;-81.5720175;NULL
1381;Astoria;14;40.227545;-90.3595683;1141
1382;Astoria;38;46.1878841;-123.8312534;9477
1383;Astoria;43;44.5582971;-96.547273;139
1384;Atalissa;16;41.5711357;-91.1659888;311
1385;Atascadero;5;35.4894169;-120.6707255;28310
1386;Atascocita;45;29.9988306;-95.1765978;65844
1387;Atchison;17;39.5630521;-95.1216356;11021
1388;Atco;31;39.769838;-74.8873855;NULL
1389;Aten;28;42.8399983;-97.4408942;112
1390;Atglen;39;39.9492712;-75.9735608;1406
1391;Athalia;36;38.5161951;-82.3065383;373
1392;Athelstan;16;40.5722401;-94.5422029;19
1393;Athelstane;52;45.4238558;-88.0953899;NULL
1394;Athena;10;29.9879937;-83.4943108;NULL
1395;Athena;38;45.8117992;-118.4905252;1126
1396;Athens;45;32.2048735;-95.8555207;12710
1397;Athens;19;32.6504281;-93.025717;249
1398;Athens;1;34.8028661;-86.9716741;21897
1399;Athens;44;35.4428512;-84.5929898;13458
1400;Athens;23;42.0886576;-85.2347052;1024
1401;Athens;52;45.0330224;-90.0740226;1105
1402;Athens;39;41.9572965;-76.5179991;3367
1403;Athens;33;42.2603648;-73.8095707;1668
1404;Athens;14;39.9608826;-89.7239944;1988
1405;Athens;36;39.3292396;-82.1012555;23832
1406;Athens;51;37.4223414;-81.0161994;1048
1407;Athens;20;44.9231142;-69.6728296;NULL
1408;Athens;11;33.960948;-83.3779358;NULL
1409;Athens;47;43.1336888;-72.5678685;NULL
1410;Athens;18;37.9492453;-84.3641005;NULL
1411;Atherton;5;37.4613272;-122.197743;6914
1412;Athertonville;18;37.6356174;-85.6041286;NULL
1413;Athol;43;45.0088635;-98.5964856;NULL
1414;Athol;17;39.7650117;-98.9195242;44
1415;Athol;22;42.5959203;-72.2267497;8265
1416;Athol;13;47.9479601;-116.7079745;692
1417;Athol Springs;33;42.769781;-78.8664229;NULL
1418;Atka;2;52.1961111;-174.2005556;61
1419;Atkins;4;35.2464719;-92.9365581;3016
1420;Atkins;16;41.9969436;-91.8621262;1670
1421;Atkins;49;36.8673392;-81.4234428;1143
1422;Atkinson;28;42.5313912;-98.9781525;1245
1423;Atkinson;14;41.4208678;-90.0151121;972
1424;Atkinson;34;34.5285008;-78.171107;299
1425;Atkinson;11;31.2232805;-81.8526121;NULL
1426;Atkinson;30;42.8384221;-71.1470037;NULL
1427;Atkinson Mills;39;40.4553537;-77.8180511;174
1428;Atlanta;4;33.1187457;-93.0526635;131
1429;Atlanta;13;43.8015666;-115.1267474;NULL
1430;Atlanta;33;42.5542347;-77.4724875;NULL
1431;Atlanta;45;33.1137419;-94.1643537;5675
1432;Atlanta;19;31.805166;-92.7382068;163
1433;Atlanta;15;40.2153151;-86.0263746;725
1434;Atlanta;28;40.3666766;-99.4731595;131
1435;Atlanta;11;33.7489954;-84.3879824;420003
1436;Atlanta;26;39.898646;-92.4810208;385
1437;Atlanta;14;40.2594846;-89.2334236;1692
1438;Atlanta;17;37.4364104;-96.7647517;195
1439;Atlanta;23;45.0047306;-84.1438927;827
1440;Atlantic;39;41.5047757;-80.3389547;77
1441;Atlantic;16;41.4036007;-95.0138776;7112
1442;Atlantic;20;44.1717483;-68.4241854;NULL
1443;Atlantic;49;37.90068;-75.5077034;862
1444;Atlantic;34;34.8848864;-76.3404708;543
1445;Atlantic Beach;33;40.5889936;-73.7290207;1891
1446;Atlantic Beach;10;30.3344077;-81.398696;12655
1447;Atlantic Beach;42;33.8026725;-78.7164064;334
1448;Atlantic Beach;34;34.6990505;-76.7402108;1495
1449;Atlantic City;53;42.4966221;-108.7306677;37
1450;Atlantic City;31;39.3642834;-74.4229266;39558
1451;Atlantic Highlands;31;40.4078865;-74.034306;4385
1452;Atlantis;10;26.5909025;-80.1008762;2005
1453;Atlas;26;37.0950603;-94.3860562;NULL
1454;Atlasburg;39;40.3411805;-80.382842;401
1455;Atmautluak;2;60.8669444;-162.2730556;277
1456;Atmore;1;31.0237921;-87.4938708;10194
1457;Atoka;37;34.3898731006;-96.1521082885;3107
1458;Atoka;44;35.4411945;-89.7781379;8387
1459;Atoka;32;32.769558;-104.3888512;1077
1460;Atolia;5;35.3146869;-117.6092257;NULL
1461;Atomic City;13;43.4449093;-112.8127699;29
1462;Atqasuk;2;70.4691667;-157.3994444;233
1463;Atsion;31;39.7426177;-74.725992;NULL
1464;Attalla;1;34.0217639;-86.0885852;6048
1465;Attapulgus;11;30.7490815;-84.4837999;449
1466;Attica;36;41.0647777;-82.887686;899
1467;Attica;33;42.8642267;-78.2802946;2547
1468;Attica;15;40.2942039;-87.2488988;3245
1469;Attica;17;37.2414101;-98.226735;626
1470;Attica;16;41.2297219;-93.0160359;NULL
1471;Attica;23;43.0303053;-83.1660514;994
1472;Attleboro;22;41.9445441;-71.2856082;43593
1473;Attu;2;52.9375;173.2375;NULL
1474;Atwater;36;41.0239467;-81.163433;758
1475;Atwater;24;45.138852;-94.7780564;1133
1476;Atwater;5;37.3477174;-120.609084;28168
1477;Atwood;6;40.5477619;-103.2696575;133
1478;Atwood;44;35.9731207;-88.6781141;938
1479;Atwood;14;39.7994772;-88.4622789;1224
1480;Atwood;17;39.806668;-101.0421012;1194
1481;Atwood;39;40.7547867;-79.2664279;107
1482;Atwood;5;33.8655708;-117.8308905;NULL
1483;Atwood;37;34.9601461006;-96.3624017885;74
1484;Au Gres;23;44.0486295;-83.6958161;889
1485;Au Sable;23;44.4108489;-83.3321899;1404
1486;Au Sable Forks;33;44.441714;-73.6745834;559
1487;Au Train;23;46.4302185;-86.8368197;NULL
1488;Auberry;5;37.0807823;-119.4854113;2369
1489;Aubrey;45;33.3042835;-96.986118;2595
1490;Aubrey;4;34.7167646;-90.9003932;170
1491;Auburn;5;38.8965654;-121.0768901;13330
1492;Auburn;50;47.3073228;-122.2284532;70180
1493;Auburn;53;42.7921493;-111.0032647;328
1494;Auburn;18;36.8642088;-86.7102735;1340
1495;Auburn;11;34.0137179;-83.8276759;6887
1496;Auburn;1;32.6098566;-85.4807825;53380
1497;Auburn;39;40.5984249;-76.0932721;741
1498;Auburn;23;43.6033583;-84.0697048;2087
1499;Auburn;33;42.9317335;-76.5660529;27687
1500;Auburn;20;44.0978509;-70.2311655;23055
1501;Auburn;14;39.5917197;-89.7464874;4771
1502;Auburn;17;38.906114;-95.8160968;1227
1503;Auburn;28;40.3927792;-95.8388861;3460
1504;Auburn;15;41.3669942;-85.0588575;12731
1505;Auburn;16;42.2513724;-94.8777638;322
1506;Auburn;51;39.0956418;-80.8562162;97
1507;Auburn;36;39.3911659;-84.7021724;NULL
1508;Auburn;22;42.1945385;-71.8356271;NULL
1509;Auburn;30;43.0045289;-71.348398;NULL
1510;Auburn;31;39.710947;-75.3676911;NULL
1511;Auburn;25;31.3593408;-90.6078777;NULL
1512;Auburn;35;48.5069335;-97.4398024;48
1513;Auburn;10;30.8201862;-86.5377298;NULL
1514;Auburn Hills;23;42.6875323;-83.2341028;21412
1515;Auburndale;52;44.6269065;-90.0076294;703
1516;Auburndale;10;28.0652975;-81.7886906;13507
1517;Auburntown;44;35.9475631;-86.0972118;269
1518;Aucilla;10;30.4799277;-83.7543254;100
1519;Audubon;31;39.8909466;-75.0729504;8819
1520;Audubon;24;46.8632922;-95.9817183;519
1521;Audubon;16;41.7180421;-94.9324868;2176
1522;Audubon Park;18;38.2039592;-85.7252394;1473
1523;Augusta;18;38.7717376;-84.0057628;1190
1524;Augusta;4;35.2823079;-91.3654063;2199
1525;Augusta;23;42.3364294;-85.3522219;885
1526;Augusta;14;40.2300454;-90.9501342;587
1527;Augusta;26;38.5725523;-90.8820811;253
1528;Augusta;27;47.4927251;-112.3922458;309
1529;Augusta;52;44.6802386;-91.1198755;1550
1530;Augusta;17;37.6866844;-96.9767024;9274
1531;Augusta;20;44.3106241;-69.7794897;19136
1532;Augusta;11;33.4709702;-81.9748379;NULL
1533;Augusta;31;41.1289854;-74.72822;NULL
1534;Augusta;33;42.9747916;-75.5012871;NULL
1535;Augusta;51;39.2953787;-78.6377912;NULL
1536;Augusta Springs;49;38.1020734;-79.318092;257
1537;Augustus;45;33.1306521;-101.2995793;NULL
1538;Auke Bay;2;58.3833333;-134.6597222;NULL
1539;Aulander;34;36.2296005;-77.1141282;895
1540;Aullville;26;39.0177901;-93.6779944;100
1541;Aulne;17;38.2761266;-97.0766933;NULL
1542;Ault;6;40.5824804;-104.7319112;1519
1543;Aumsville;38;44.8409548;-122.8709243;3584
1544;Aura;23;46.862707;-88.3187372;NULL
1545;Aurelia;16;42.71276;-95.4366701;1036
1546;Aurora;16;42.618873;-91.7284957;185
1547;Aurora;24;47.5299252;-92.2371208;1682
1548;Aurora;14;41.7605849;-88.3200715;197899
1549;Aurora;28;40.8672344;-98.0042212;4479
1550;Aurora;15;39.0570022;-84.9013402;3750
1551;Aurora;17;39.4519428;-97.5272565;60
1552;Aurora;26;36.970891;-93.717979;7508
1553;Aurora;36;41.3175549;-81.3453858;15548
1554;Aurora;43;44.2841348;-96.685606;532
1555;Aurora;33;42.7539591;-76.7024485;724
1556;Aurora;38;45.2309536;-122.7559267;918
1557;Aurora;6;39.7294319;-104.8319195;325078
1558;Aurora;46;38.9221856;-111.9340936;1016
1559;Aurora;45;33.0606784;-97.5033561;1220
1560;Aurora;34;35.3054469;-76.788543;520
1561;Aurora;20;44.8542374;-68.3280757;NULL
1562;Aurora;51;39.3242679;-79.5544989;201
1563;Aurora;18;36.7767204;-88.1441967;NULL
1564;Aurora;52;45.7855118;-88.1009596;NULL
1565;Aurora Center;43;43.5269365;-98.5898055;12
1566;Aurora Lodge;2;64.4705556;-146.9386111;NULL
1567;Auroraville;52;44.0519247;-88.9926156;NULL
1568;Austell;11;33.8126059;-84.6343783;6581
1569;Austerlitz;33;42.3117536;-73.4731684;NULL
1570;Austin;18;36.8253279;-86.0191478;NULL
1571;Austin;27;46.6391017;-112.2452892;NULL
1572;Austin;45;30.267153;-97.7430608;790390
1573;Austin;29;39.4932589;-117.0695342;192
1574;Austin;4;34.9984206;-91.9837552;2038
1575;Austin;15;38.75839;-85.8080251;4295
1576;Austin;39;41.6311758;-78.0913942;562
1577;Austin;24;43.6666296;-92.9746367;24718
1578;Austinburg;36;41.7719991;-80.8545331;516
1579;Austintown;36;41.1017247;-80.7645239;29677
1580;Austinville;49;36.8512342;-80.9120233;NULL
1581;Austonio;45;31.1857382;-95.63856;NULL
1582;Austwell;45;28.3902814;-96.842208;147
1583;Autaugaville;1;32.4340249;-86.6547019;870
1584;Autryville;34;34.9979453;-78.6425144;196
1585;Auvergne;4;35.5136926;-91.2306821;NULL
1586;Auxier;18;37.7370406;-82.7582148;669
1587;Auxvasse;26;39.0180962;-91.8971198;983
1588;Ava;26;36.951999;-92.6604457;2993
1589;Ava;14;37.8883846;-89.4948169;654
1590;Ava;36;39.8317392;-81.5748469;NULL
1591;Ava;33;43.4189585;-75.4793436;NULL
1592;Avalon;26;39.6591871;-93.4416002;NULL
1593;Avalon;25;33.6551178;-90.0856409;NULL
1594;Avalon;52;42.6327908;-88.8676077;NULL
1595;Avalon;31;39.101225;-74.7176622;1334
1596;Avalon;39;40.5009019;-80.0675554;4705
1597;Avalon;11;34.5020454;-83.1951567;213
1598;Avalon;5;33.3428065;-118.3278506;3728
1599;Avalon Beach;10;30.5365728;-87.1008339;679
1600;Avant;37;36.4934797006;-96.0860017885;320
1601;Avard;37;36.7028685006;-98.8127613885;NULL
1602;Avawam;18;37.2245387;-83.2751771;NULL
1603;Avella;39;40.2750705;-80.4606226;804
1604;Avenal;5;36.0041223;-120.1290272;15505
1605;Avenel;31;40.5803818;-74.2851469;17011
1606;Aventura;10;25.9564812;-80.1392121;35762
1607;Avenue;21;38.2562405;-76.7677453;NULL
1608;Avera;11;33.1940354;-82.5270728;246
1609;Averill;24;46.9707952;-96.5472946;NULL
1610;Averill Park;33;42.6339685;-73.5537257;1693
1611;Avery;5;38.204363;-120.3699194;646
1612;Avery;16;41.0652868;-92.7143603;NULL
1613;Avery;37;35.8881795006;-96.7760288885;NULL
1614;Avery;45;33.5520559;-94.7810463;482
1615;Avery;13;47.2504791;-115.8051549;NULL
1616;Avery Creek;34;35.4634464;-82.5826235;1950
1617;Avery Island;19;29.9035392;-91.9103979;NULL
1618;Avilla;4;34.6825921;-92.5851613;896
1619;Avilla;15;41.3658824;-85.2388635;2401
1620;Avilla;26;37.1953342;-94.1296622;125
1621;Avilla Beach;5;35.1971318;-120.719194;1627
1622;Avinger;45;32.8998554;-94.5563119;444
1623;Avis;39;41.1847939;-77.3138622;1484
1624;Aviston;14;38.6067152;-89.6075894;1945
1625;Avoca;28;40.796113;-96.1175089;242
1626;Avoca;4;36.4020182;-94.0707581;488
1627;Avoca;52;43.181933;-90.3245687;637
1628;Avoca;33;42.4095147;-77.4213729;946
1629;Avoca;39;41.3398022;-75.7363033;2661
1630;Avoca;16;41.4766571;-95.3380549;1506
1631;Avoca;24;43.9485746;-95.6455648;147
1632;Avoca;15;38.9119941;-86.5477729;583
1633;Avoca;45;32.8656686;-99.7159236;NULL
1634;Avoca;23;43.0619715;-82.6910367;NULL
1635;Avon;52;42.5433444;-89.3315042;NULL
1636;Avon;22;42.1306554;-71.0411582;NULL
1637;Avon;18;38.0717443;-84.3185439;NULL
1638;Avon;34;35.352123;-75.5104308;776
1639;Avon;7;41.8098209;-72.8306541;NULL
1640;Avon;20;44.8061682;-70.2711766;NULL
1641;Avon;6;39.6313749;-106.5222541;6447
1642;Avon;24;45.6091313;-94.4516668;1396
1643;Avon;15;39.7628227;-86.3997168;12446
1644;Avon;36;41.4517093;-82.0354225;21193
1645;Avon;33;42.9120072;-77.7455584;3394
1646;Avon;43;43.0049954;-98.0597954;590
1647;Avon;1;31.1893444;-85.2860437;543
1648;Avon;46;41.5329911;-111.8132743;367
1649;Avon;27;46.5971546;-112.601977;111
1650;Avon;14;40.6642065;-90.4348506;799
1651;Avon Heights;39;40.3525918;-76.3749584;NULL
1652;Avon Lake;36;41.5053178;-82.0282001;22581
1653;Avon Park;10;27.5958672;-81.5061862;8836
1654;Avon-by-the-Sea;31;40.1923357;-74.0159703;1901
1655;Avondale;39;39.823443;-75.783273;1265
1656;Avondale;26;39.1541703;-94.5468991;440
1657;Avondale;19;29.9129834;-90.2036869;4954
1658;Avondale;6;38.2375025;-104.3510792;674
1659;Avondale;3;33.4355977;-112.3496021;76238
1660;Avondale Estates;11;33.771494;-84.2671444;2960
1661;Avonia;39;42.0456126;-80.2697865;1205
1662;Avonmore;39;40.5289548;-79.4614306;1011
1663;Awendaw;42;33.0376703;-79.613127;1294
1664;Awosting;31;41.1545398;-74.3365404;NULL
1665;Axial;6;40.2852508;-107.7920157;NULL
1666;Axis;1;30.9299052;-88.0272209;757
1667;Axson;11;31.2763162;-82.7343089;NULL
1668;Axtell;45;31.6582205;-96.9713851;NULL
1669;Axtell;46;39.0552395;-111.8218691;NULL
1670;Axtell;28;40.4783461;-99.1267558;726
1671;Axtell;17;39.8716662;-96.2588985;406
1672;Axton;49;36.659582;-79.711978;NULL
1673;Ayden;34;35.4726626;-77.4155203;4932
1674;Ayer;22;42.5612021;-71.5897897;2868
1675;Ayer;50;46.5962541;-118.3483072;NULL
1676;Aylmer;35;47.9341687;-100.1929128;NULL
1677;Aynor;42;33.9998881;-79.1994874;560
1678;Ayr;28;40.4375138;-98.4403373;94
1679;Ayr;35;47.0410893;-97.4906456;17
1680;Ayrshire;16;43.0391346;-94.8327618;143
1681;Azalea Park;10;28.5411128;-81.3006237;12556
1682;Azalia;15;39.0917191;-85.8472031;NULL
1683;Azle;45;32.8951262;-97.5458565;10947
1684;Aztalan;52;43.0727787;-88.8623285;NULL
1685;Aztec;3;32.8244925;-113.449913;47
1686;Aztec;32;36.8222261;-107.9928455;6763
1687;Azusa;5;34.1336186;-117.9075627;46361
1688;Azwell;50;47.937085;-119.8764526;NULL
